NEnr.;ID_Finance;IDZone;IDExercice;Budget;BudgetPrevu;FPrevu;FRealise;IPrevu;IRealise;DPrevu;DRealise;RPrevu;RRealise
649;723;1;2006;0,000000;0,000000;0,000000;0,000000;0,000000;0,000000;0,000000;0,000000;0,000000;0,000000
34;119;100101;2008;0,000000;0,000000;0,000000;0,000000;0,000000;0,000000;0,000000;0,000000;0,000000;0,000000
53;118;100101;2007;0,000000;0,000000;0,000000;0,000000;0,000000;0,000000;0,000000;0,000000;0,000000;0,000000
54;120;100101;2009;0,000000;0,000000;0,000000;0,000000;0,000000;0,000000;0,000000;0,000000;0,000000;0,000000
55;121;100101;2010;0,000000;0,000000;0,000000;0,000000;0,000000;0,000000;0,000000;0,000000;0,000000;0,000000
56;122;100101;2011;0,000000;0,000000;0,000000;0,000000;0,000000;0,000000;0,000000;0,000000;0,000000;0,000000
57;123;100101;2012;0,000000;0,000000;0,000000;0,000000;0,000000;0,000000;0,000000;0,000000;0,000000;0,000000
63;130;100102;2007;0,000000;0,000000;0,000000;0,000000;0,000000;0,000000;0,000000;0,000000;0,000000;0,000000
64;131;100102;2008;0,000000;0,000000;0,000000;0,000000;0,000000;0,000000;0,000000;0,000000;0,000000;0,000000
65;132;100102;2009;0,000000;0,000000;0,000000;0,000000;0,000000;0,000000;0,000000;0,000000;0,000000;0,000000
66;133;100102;2010;0,000000;0,000000;0,000000;0,000000;0,000000;0,000000;0,000000;0,000000;0,000000;0,000000
67;134;100102;2011;0,000000;0,000000;0,000000;0,000000;0,000000;0,000000;0,000000;0,000000;0,000000;0,000000
68;135;100102;2012;0,000000;0,000000;0,000000;0,000000;0,000000;0,000000;0,000000;0,000000;0,000000;0,000000
44;91;100201;2011;0,000000;0,000000;120 000 000,000000;0,000000;180 000 000,000000;0,000000;0,000000;0,000000;0,000000;0,000000
58;124;100201;2007;0,000000;0,000000;0,000000;0,000000;0,000000;0,000000;0,000000;0,000000;0,000000;0,000000
59;125;100201;2008;0,000000;0,000000;0,000000;0,000000;0,000000;0,000000;0,000000;0,000000;0,000000;0,000000
60;126;100201;2009;0,000000;0,000000;0,000000;0,000000;0,000000;0,000000;0,000000;0,000000;0,000000;0,000000
61;127;100201;2010;0,000000;0,000000;0,000000;0,000000;0,000000;0,000000;0,000000;0,000000;0,000000;0,000000
62;129;100201;2012;0,000000;0,000000;121 399 292,000000;0,000000;178 600 000,000000;0,000000;0,000000;0,000000;0,000000;0,000000
390;461;100201;2013;0,000000;0,000000;156 385 868,000000;0,000000;191 614 132,000000;0,000000;0,000000;0,000000;0,000000;0,000000
75;142;100202;2007;0,000000;0,000000;0,000000;0,000000;0,000000;0,000000;0,000000;0,000000;0,000000;0,000000
76;143;100202;2008;0,000000;0,000000;0,000000;0,000000;0,000000;0,000000;0,000000;0,000000;0,000000;0,000000
77;144;100202;2009;0,000000;0,000000;0,000000;0,000000;0,000000;0,000000;0,000000;0,000000;0,000000;0,000000
78;145;100202;2010;0,000000;0,000000;0,000000;0,000000;0,000000;0,000000;0,000000;0,000000;0,000000;0,000000
79;146;100202;2011;0,000000;0,000000;0,000000;0,000000;0,000000;0,000000;0,000000;0,000000;0,000000;0,000000
80;147;100202;2012;0,000000;0,000000;0,000000;0,000000;0,000000;0,000000;0,000000;0,000000;0,000000;0,000000
69;136;100203;2007;0,000000;0,000000;0,000000;0,000000;0,000000;0,000000;0,000000;0,000000;0,000000;0,000000
70;137;100203;2008;0,000000;0,000000;0,000000;0,000000;0,000000;0,000000;0,000000;0,000000;0,000000;0,000000
71;138;100203;2009;0,000000;0,000000;0,000000;0,000000;0,000000;0,000000;0,000000;0,000000;0,000000;0,000000
72;139;100203;2010;0,000000;0,000000;0,000000;0,000000;0,000000;0,000000;0,000000;0,000000;0,000000;0,000000
73;140;100203;2011;0,000000;0,000000;0,000000;0,000000;0,000000;0,000000;0,000000;0,000000;0,000000;0,000000
74;141;100203;2012;0,000000;0,000000;0,000000;0,000000;0,000000;0,000000;0,000000;0,000000;0,000000;0,000000
81;148;100204;2007;0,000000;0,000000;0,000000;0,000000;0,000000;0,000000;0,000000;0,000000;0,000000;0,000000
82;149;100204;2008;0,000000;0,000000;0,000000;0,000000;0,000000;0,000000;0,000000;0,000000;0,000000;0,000000
83;150;100204;2009;0,000000;0,000000;0,000000;0,000000;0,000000;0,000000;0,000000;0,000000;0,000000;0,000000
84;151;100204;2010;0,000000;0,000000;0,000000;0,000000;0,000000;0,000000;0,000000;0,000000;0,000000;0,000000
85;152;100204;2011;0,000000;0,000000;0,000000;0,000000;0,000000;0,000000;0,000000;0,000000;0,000000;0,000000
86;153;100204;2012;0,000000;0,000000;0,000000;0,000000;0,000000;0,000000;0,000000;0,000000;0,000000;0,000000
87;154;100301;2007;0,000000;0,000000;0,000000;0,000000;0,000000;0,000000;0,000000;0,000000;0,000000;0,000000
88;155;100301;2008;0,000000;0,000000;0,000000;0,000000;0,000000;0,000000;0,000000;0,000000;0,000000;0,000000
89;156;100301;2009;0,000000;0,000000;0,000000;0,000000;0,000000;0,000000;0,000000;0,000000;0,000000;0,000000
90;157;100301;2010;0,000000;0,000000;0,000000;0,000000;0,000000;0,000000;0,000000;0,000000;0,000000;0,000000
91;158;100301;2011;0,000000;0,000000;0,000000;0,000000;0,000000;0,000000;0,000000;0,000000;0,000000;0,000000
92;159;100301;2012;0,000000;0,000000;0,000000;0,000000;0,000000;0,000000;0,000000;0,000000;0,000000;0,000000
93;160;100302;2007;0,000000;0,000000;0,000000;0,000000;0,000000;0,000000;0,000000;0,000000;0,000000;0,000000
94;161;100302;2008;0,000000;0,000000;0,000000;0,000000;0,000000;0,000000;0,000000;0,000000;0,000000;0,000000
95;162;100302;2009;0,000000;0,000000;0,000000;0,000000;0,000000;0,000000;0,000000;0,000000;0,000000;0,000000
96;163;100302;2010;0,000000;0,000000;0,000000;0,000000;0,000000;0,000000;0,000000;0,000000;0,000000;0,000000
97;164;100302;2011;0,000000;0,000000;0,000000;0,000000;0,000000;0,000000;0,000000;0,000000;0,000000;0,000000
98;165;100302;2012;0,000000;0,000000;0,000000;0,000000;0,000000;0,000000;0,000000;0,000000;0,000000;0,000000
99;166;100303;2007;0,000000;0,000000;0,000000;0,000000;0,000000;0,000000;0,000000;0,000000;0,000000;0,000000
100;167;100303;2008;0,000000;0,000000;0,000000;0,000000;0,000000;0,000000;0,000000;0,000000;0,000000;0,000000
101;168;100303;2009;0,000000;0,000000;0,000000;0,000000;0,000000;0,000000;0,000000;0,000000;0,000000;0,000000
102;169;100303;2011;0,000000;0,000000;0,000000;0,000000;0,000000;0,000000;0,000000;0,000000;0,000000;0,000000
103;170;100303;2012;0,000000;0,000000;0,000000;0,000000;0,000000;0,000000;0,000000;0,000000;0,000000;0,000000
104;171;100401;2007;0,000000;0,000000;0,000000;0,000000;0,000000;0,000000;0,000000;0,000000;0,000000;0,000000
105;172;100401;2008;0,000000;0,000000;0,000000;0,000000;0,000000;0,000000;0,000000;0,000000;0,000000;0,000000
106;173;100401;2009;0,000000;0,000000;0,000000;0,000000;0,000000;0,000000;0,000000;0,000000;0,000000;0,000000
107;174;100401;2010;0,000000;0,000000;0,000000;0,000000;0,000000;0,000000;0,000000;0,000000;0,000000;0,000000
108;175;100401;2011;0,000000;0,000000;0,000000;0,000000;0,000000;0,000000;0,000000;0,000000;0,000000;0,000000
109;176;100401;2012;0,000000;0,000000;0,000000;0,000000;0,000000;0,000000;0,000000;0,000000;0,000000;0,000000
110;177;100402;2007;0,000000;0,000000;0,000000;0,000000;0,000000;0,000000;0,000000;0,000000;0,000000;0,000000
111;178;100402;2008;0,000000;0,000000;0,000000;0,000000;0,000000;0,000000;0,000000;0,000000;0,000000;0,000000
112;179;100402;2009;0,000000;0,000000;0,000000;0,000000;0,000000;0,000000;0,000000;0,000000;0,000000;0,000000
113;180;100402;2010;0,000000;0,000000;0,000000;0,000000;0,000000;0,000000;0,000000;0,000000;0,000000;0,000000
114;181;100402;2011;0,000000;0,000000;0,000000;0,000000;0,000000;0,000000;0,000000;0,000000;0,000000;0,000000
115;182;100402;2012;0,000000;0,000000;0,000000;0,000000;0,000000;0,000000;0,000000;0,000000;0,000000;0,000000
122;189;100403;2007;0,000000;0,000000;0,000000;0,000000;0,000000;0,000000;0,000000;0,000000;0,000000;0,000000
123;190;100403;2008;0,000000;0,000000;0,000000;0,000000;0,000000;0,000000;0,000000;0,000000;0,000000;0,000000
124;191;100403;2009;0,000000;0,000000;0,000000;0,000000;0,000000;0,000000;0,000000;0,000000;0,000000;0,000000
125;192;100403;2010;0,000000;0,000000;0,000000;0,000000;0,000000;0,000000;0,000000;0,000000;0,000000;0,000000
126;193;100403;2011;0,000000;0,000000;0,000000;0,000000;0,000000;0,000000;0,000000;0,000000;0,000000;0,000000
127;194;100403;2012;0,000000;0,000000;0,000000;0,000000;0,000000;0,000000;0,000000;0,000000;0,000000;0,000000
116;183;100404;2007;0,000000;0,000000;0,000000;0,000000;0,000000;0,000000;0,000000;0,000000;0,000000;0,000000
117;184;100404;2008;0,000000;0,000000;0,000000;0,000000;0,000000;0,000000;0,000000;0,000000;0,000000;0,000000
118;185;100404;2009;0,000000;0,000000;0,000000;0,000000;0,000000;0,000000;0,000000;0,000000;0,000000;0,000000
119;186;100404;2010;0,000000;0,000000;0,000000;0,000000;0,000000;0,000000;0,000000;0,000000;0,000000;0,000000
120;187;100404;2011;0,000000;0,000000;0,000000;0,000000;0,000000;0,000000;0,000000;0,000000;0,000000;0,000000
121;188;100404;2012;0,000000;0,000000;0,000000;0,000000;0,000000;0,000000;0,000000;0,000000;0,000000;0,000000
128;195;100501;2007;0,000000;0,000000;0,000000;0,000000;0,000000;0,000000;0,000000;0,000000;0,000000;0,000000
129;196;100501;2008;0,000000;0,000000;0,000000;0,000000;0,000000;0,000000;0,000000;0,000000;0,000000;0,000000
130;197;100501;2009;0,000000;0,000000;0,000000;0,000000;0,000000;0,000000;0,000000;0,000000;0,000000;0,000000
131;198;100501;2010;0,000000;0,000000;0,000000;0,000000;0,000000;0,000000;0,000000;0,000000;0,000000;0,000000
132;199;100501;2011;0,000000;0,000000;0,000000;0,000000;0,000000;0,000000;0,000000;0,000000;0,000000;0,000000
133;200;100501;2012;0,000000;0,000000;0,000000;0,000000;0,000000;0,000000;0,000000;0,000000;0,000000;0,000000
140;207;100502;2007;0,000000;0,000000;0,000000;0,000000;0,000000;0,000000;0,000000;0,000000;0,000000;0,000000
141;208;100502;2008;0,000000;0,000000;0,000000;0,000000;0,000000;0,000000;0,000000;0,000000;0,000000;0,000000
142;209;100502;2009;0,000000;0,000000;0,000000;0,000000;0,000000;0,000000;0,000000;0,000000;0,000000;0,000000
143;210;100502;2010;0,000000;0,000000;0,000000;0,000000;0,000000;0,000000;0,000000;0,000000;0,000000;0,000000
144;211;100502;2011;0,000000;0,000000;0,000000;0,000000;0,000000;0,000000;0,000000;0,000000;0,000000;0,000000
145;212;100502;2012;0,000000;0,000000;0,000000;0,000000;0,000000;0,000000;0,000000;0,000000;0,000000;0,000000
152;219;100503;2007;0,000000;0,000000;0,000000;0,000000;0,000000;0,000000;0,000000;0,000000;0,000000;0,000000
153;220;100503;2008;0,000000;0,000000;0,000000;0,000000;0,000000;0,000000;0,000000;0,000000;0,000000;0,000000
154;221;100503;2009;0,000000;0,000000;0,000000;0,000000;0,000000;0,000000;0,000000;0,000000;0,000000;0,000000
155;222;100503;2010;0,000000;0,000000;0,000000;0,000000;0,000000;0,000000;0,000000;0,000000;0,000000;0,000000
156;223;100503;2011;0,000000;0,000000;0,000000;0,000000;0,000000;0,000000;0,000000;0,000000;0,000000;0,000000
157;224;100503;2012;0,000000;0,000000;0,000000;0,000000;0,000000;0,000000;0,000000;0,000000;0,000000;0,000000
158;225;100504;2007;0,000000;0,000000;0,000000;0,000000;0,000000;0,000000;0,000000;0,000000;0,000000;0,000000
159;226;100504;2008;0,000000;0,000000;0,000000;0,000000;0,000000;0,000000;0,000000;0,000000;0,000000;0,000000
160;227;100504;2009;0,000000;0,000000;0,000000;0,000000;0,000000;0,000000;0,000000;0,000000;0,000000;0,000000
161;228;100504;2010;0,000000;0,000000;0,000000;0,000000;0,000000;0,000000;0,000000;0,000000;0,000000;0,000000
162;229;100504;2011;0,000000;0,000000;0,000000;0,000000;0,000000;0,000000;0,000000;0,000000;0,000000;0,000000
163;230;100504;2012;0,000000;0,000000;0,000000;0,000000;0,000000;0,000000;0,000000;0,000000;0,000000;0,000000
164;231;100505;2007;0,000000;0,000000;0,000000;0,000000;0,000000;0,000000;0,000000;0,000000;0,000000;0,000000
165;232;100505;2008;0,000000;0,000000;0,000000;0,000000;0,000000;0,000000;0,000000;0,000000;0,000000;0,000000
166;233;100505;2009;0,000000;0,000000;0,000000;0,000000;0,000000;0,000000;0,000000;0,000000;0,000000;0,000000
167;234;100505;2010;0,000000;0,000000;0,000000;0,000000;0,000000;0,000000;0,000000;0,000000;0,000000;0,000000
168;235;100505;2011;0,000000;0,000000;0,000000;0,000000;0,000000;0,000000;0,000000;0,000000;0,000000;0,000000
169;236;100505;2012;0,000000;0,000000;0,000000;0,000000;0,000000;0,000000;0,000000;0,000000;0,000000;0,000000
134;201;100506;2007;0,000000;0,000000;0,000000;0,000000;0,000000;0,000000;0,000000;0,000000;0,000000;0,000000
135;202;100506;2008;0,000000;0,000000;0,000000;0,000000;0,000000;0,000000;0,000000;0,000000;0,000000;0,000000
136;203;100506;2009;0,000000;0,000000;0,000000;0,000000;0,000000;0,000000;0,000000;0,000000;0,000000;0,000000
137;204;100506;2010;0,000000;0,000000;0,000000;0,000000;0,000000;0,000000;0,000000;0,000000;0,000000;0,000000
138;205;100506;2011;0,000000;0,000000;0,000000;0,000000;0,000000;0,000000;0,000000;0,000000;0,000000;0,000000
139;206;100506;2012;0,000000;0,000000;0,000000;0,000000;0,000000;0,000000;0,000000;0,000000;0,000000;0,000000
146;213;100507;2007;0,000000;0,000000;0,000000;0,000000;0,000000;0,000000;0,000000;0,000000;0,000000;0,000000
147;214;100507;2008;0,000000;0,000000;0,000000;0,000000;0,000000;0,000000;0,000000;0,000000;0,000000;0,000000
148;215;100507;2009;0,000000;0,000000;0,000000;0,000000;0,000000;0,000000;0,000000;0,000000;0,000000;0,000000
149;216;100507;2010;0,000000;0,000000;0,000000;0,000000;0,000000;0,000000;0,000000;0,000000;0,000000;0,000000
150;217;100507;2011;0,000000;0,000000;0,000000;0,000000;0,000000;0,000000;0,000000;0,000000;0,000000;0,000000
151;218;100507;2012;0,000000;0,000000;0,000000;0,000000;0,000000;0,000000;0,000000;0,000000;0,000000;0,000000
170;237;100508;2007;0,000000;0,000000;0,000000;0,000000;0,000000;0,000000;0,000000;0,000000;0,000000;0,000000
171;238;100508;2008;0,000000;0,000000;0,000000;0,000000;0,000000;0,000000;0,000000;0,000000;0,000000;0,000000
172;239;100508;2009;0,000000;0,000000;0,000000;0,000000;0,000000;0,000000;0,000000;0,000000;0,000000;0,000000
173;240;100508;2010;0,000000;0,000000;0,000000;0,000000;0,000000;0,000000;0,000000;0,000000;0,000000;0,000000
174;241;100508;2011;0,000000;0,000000;0,000000;0,000000;0,000000;0,000000;0,000000;0,000000;0,000000;0,000000
175;242;100508;2012;0,000000;0,000000;0,000000;0,000000;0,000000;0,000000;0,000000;0,000000;0,000000;0,000000
194;261;110101;2007;0,000000;0,000000;0,000000;0,000000;0,000000;0,000000;0,000000;0,000000;0,000000;0,000000
195;262;110101;2008;0,000000;0,000000;0,000000;0,000000;0,000000;0,000000;0,000000;0,000000;0,000000;0,000000
196;263;110101;2009;0,000000;0,000000;0,000000;0,000000;0,000000;0,000000;0,000000;0,000000;0,000000;0,000000
197;264;110101;2010;0,000000;0,000000;0,000000;0,000000;0,000000;0,000000;0,000000;0,000000;0,000000;0,000000
198;265;110101;2011;0,000000;0,000000;0,000000;0,000000;0,000000;0,000000;0,000000;0,000000;0,000000;0,000000
199;266;110101;2012;0,000000;0,000000;0,000000;0,000000;0,000000;0,000000;0,000000;0,000000;0,000000;0,000000
200;267;110102;2007;0,000000;0,000000;0,000000;0,000000;0,000000;0,000000;0,000000;0,000000;0,000000;0,000000
201;268;110102;2008;0,000000;0,000000;0,000000;0,000000;0,000000;0,000000;0,000000;0,000000;0,000000;0,000000
202;269;110102;2009;0,000000;0,000000;0,000000;0,000000;0,000000;0,000000;0,000000;0,000000;0,000000;0,000000
203;270;110102;2010;0,000000;0,000000;0,000000;0,000000;0,000000;0,000000;0,000000;0,000000;0,000000;0,000000
204;271;110102;2011;0,000000;0,000000;0,000000;0,000000;0,000000;0,000000;0,000000;0,000000;0,000000;0,000000
205;272;110102;2012;0,000000;0,000000;0,000000;0,000000;0,000000;0,000000;0,000000;0,000000;0,000000;0,000000
206;273;110103;2007;0,000000;0,000000;0,000000;0,000000;0,000000;0,000000;0,000000;0,000000;0,000000;0,000000
207;274;110103;2008;0,000000;0,000000;0,000000;0,000000;0,000000;0,000000;0,000000;0,000000;0,000000;0,000000
208;275;110103;2009;0,000000;0,000000;0,000000;0,000000;0,000000;0,000000;0,000000;0,000000;0,000000;0,000000
209;276;110103;2010;0,000000;0,000000;0,000000;0,000000;0,000000;0,000000;0,000000;0,000000;0,000000;0,000000
210;277;110103;2011;0,000000;0,000000;0,000000;0,000000;0,000000;0,000000;0,000000;0,000000;0,000000;0,000000
211;278;110103;2012;0,000000;0,000000;0,000000;0,000000;0,000000;0,000000;0,000000;0,000000;0,000000;0,000000
182;249;110104;2007;0,000000;0,000000;0,000000;0,000000;0,000000;0,000000;0,000000;0,000000;0,000000;0,000000
183;250;110104;2008;0,000000;0,000000;0,000000;0,000000;0,000000;0,000000;0,000000;0,000000;0,000000;0,000000
184;251;110104;2009;0,000000;0,000000;0,000000;0,000000;0,000000;0,000000;0,000000;0,000000;0,000000;0,000000
185;252;110104;2010;0,000000;0,000000;0,000000;0,000000;0,000000;0,000000;0,000000;0,000000;0,000000;0,000000
186;253;110104;2011;0,000000;0,000000;0,000000;0,000000;0,000000;0,000000;0,000000;0,000000;0,000000;0,000000
187;254;110104;2012;0,000000;0,000000;0,000000;0,000000;0,000000;0,000000;0,000000;0,000000;0,000000;0,000000
188;255;110105;2007;0,000000;0,000000;0,000000;0,000000;0,000000;0,000000;0,000000;0,000000;0,000000;0,000000
189;256;110105;2008;0,000000;0,000000;0,000000;0,000000;0,000000;0,000000;0,000000;0,000000;0,000000;0,000000
190;257;110105;2009;0,000000;0,000000;0,000000;0,000000;0,000000;0,000000;0,000000;0,000000;0,000000;0,000000
191;258;110105;2010;0,000000;0,000000;0,000000;0,000000;0,000000;0,000000;0,000000;0,000000;0,000000;0,000000
192;259;110105;2011;0,000000;0,000000;0,000000;0,000000;0,000000;0,000000;0,000000;0,000000;0,000000;0,000000
193;260;110105;2012;0,000000;0,000000;0,000000;0,000000;0,000000;0,000000;0,000000;0,000000;0,000000;0,000000
218;285;110106;2007;0,000000;0,000000;0,000000;0,000000;0,000000;0,000000;0,000000;0,000000;0,000000;0,000000
219;286;110106;2008;0,000000;0,000000;0,000000;0,000000;0,000000;0,000000;0,000000;0,000000;0,000000;0,000000
220;287;110106;2009;0,000000;0,000000;0,000000;0,000000;0,000000;0,000000;0,000000;0,000000;0,000000;0,000000
221;288;110106;2010;0,000000;0,000000;0,000000;0,000000;0,000000;0,000000;0,000000;0,000000;0,000000;0,000000
222;289;110106;2011;0,000000;0,000000;0,000000;0,000000;0,000000;0,000000;0,000000;0,000000;0,000000;0,000000
223;290;110106;2012;0,000000;0,000000;0,000000;0,000000;0,000000;0,000000;0,000000;0,000000;0,000000;0,000000
212;279;110107;2007;0,000000;0,000000;0,000000;0,000000;0,000000;0,000000;0,000000;0,000000;0,000000;0,000000
213;280;110107;2008;0,000000;0,000000;0,000000;0,000000;0,000000;0,000000;0,000000;0,000000;0,000000;0,000000
214;281;110107;2009;0,000000;0,000000;0,000000;0,000000;0,000000;0,000000;0,000000;0,000000;0,000000;0,000000
215;282;110107;2010;0,000000;0,000000;0,000000;0,000000;0,000000;0,000000;0,000000;0,000000;0,000000;0,000000
216;283;110107;2011;0,000000;0,000000;0,000000;0,000000;0,000000;0,000000;0,000000;0,000000;0,000000;0,000000
217;284;110107;2012;0,000000;0,000000;0,000000;0,000000;0,000000;0,000000;0,000000;0,000000;0,000000;0,000000
230;297;110201;2007;0,000000;0,000000;0,000000;0,000000;0,000000;0,000000;0,000000;0,000000;0,000000;0,000000
231;299;110201;2008;0,000000;0,000000;0,000000;0,000000;0,000000;0,000000;0,000000;0,000000;0,000000;0,000000
232;300;110201;2009;0,000000;0,000000;0,000000;0,000000;0,000000;0,000000;0,000000;0,000000;0,000000;0,000000
233;301;110201;2010;0,000000;0,000000;0,000000;0,000000;0,000000;0,000000;0,000000;0,000000;0,000000;0,000000
234;302;110201;2011;0,000000;0,000000;0,000000;0,000000;0,000000;0,000000;0,000000;0,000000;0,000000;0,000000
235;303;110201;2012;0,000000;0,000000;0,000000;0,000000;0,000000;0,000000;0,000000;0,000000;0,000000;0,000000
236;304;110202;2007;0,000000;0,000000;0,000000;0,000000;0,000000;0,000000;0,000000;0,000000;0,000000;0,000000
237;305;110202;2008;0,000000;0,000000;0,000000;0,000000;0,000000;0,000000;0,000000;0,000000;0,000000;0,000000
238;306;110202;2009;0,000000;0,000000;0,000000;0,000000;0,000000;0,000000;0,000000;0,000000;0,000000;0,000000
239;307;110202;2010;0,000000;0,000000;0,000000;0,000000;0,000000;0,000000;0,000000;0,000000;0,000000;0,000000
240;308;110202;2011;0,000000;0,000000;0,000000;0,000000;0,000000;0,000000;0,000000;0,000000;0,000000;0,000000
241;309;110202;2012;0,000000;0,000000;0,000000;0,000000;0,000000;0,000000;0,000000;0,000000;0,000000;0,000000
650;724;110203;2015;0,000000;2 000,000000;0,000000;0,000000;1 500,000000;0,000000;0,000000;0,000000;0,000000;0,000000
242;310;110203;2007;0,000000;0,000000;0,000000;0,000000;0,000000;0,000000;0,000000;0,000000;0,000000;0,000000
243;311;110203;2008;0,000000;0,000000;0,000000;0,000000;0,000000;0,000000;0,000000;0,000000;0,000000;0,000000
244;312;110203;2009;0,000000;0,000000;0,000000;0,000000;0,000000;0,000000;0,000000;0,000000;0,000000;0,000000
245;313;110203;2010;0,000000;0,000000;0,000000;0,000000;0,000000;0,000000;0,000000;0,000000;0,000000;0,000000
246;314;110203;2011;0,000000;0,000000;0,000000;0,000000;0,000000;0,000000;0,000000;0,000000;0,000000;0,000000
247;315;110203;2012;0,000000;0,000000;0,000000;0,000000;0,000000;0,000000;0,000000;0,000000;0,000000;0,000000
256;324;110204;2009;0,000000;0,000000;0,000000;0,000000;0,000000;0,000000;0,000000;0,000000;0,000000;0,000000
257;325;110204;2010;0,000000;0,000000;0,000000;0,000000;0,000000;0,000000;0,000000;0,000000;0,000000;0,000000
258;326;110204;2011;0,000000;0,000000;0,000000;0,000000;0,000000;0,000000;0,000000;0,000000;0,000000;0,000000
259;327;110204;2012;0,000000;0,000000;0,000000;0,000000;0,000000;0,000000;0,000000;0,000000;0,000000;0,000000
254;322;110204;2007;0,000000;0,000000;0,000000;0,000000;0,000000;0,000000;0,000000;0,000000;0,000000;0,000000
255;323;110204;2008;0,000000;0,000000;0,000000;0,000000;0,000000;0,000000;0,000000;0,000000;0,000000;0,000000
11;14;110205;2014;751 843 282,000000;751 843 282,000000;265 216 566,000000;0,000000;136 626 716,000000;0,000000;0,000000;0,000000;0,000000;0,000000
176;243;110205;2007;0,000000;0,000000;0,000000;0,000000;0,000000;0,000000;0,000000;0,000000;0,000000;0,000000
177;244;110205;2008;0,000000;0,000000;0,000000;0,000000;0,000000;0,000000;0,000000;0,000000;0,000000;0,000000
178;245;110205;2009;0,000000;0,000000;0,000000;0,000000;0,000000;0,000000;0,000000;0,000000;0,000000;0,000000
179;246;110205;2010;0,000000;0,000000;0,000000;0,000000;0,000000;0,000000;0,000000;0,000000;0,000000;0,000000
180;247;110205;2011;0,000000;0,000000;0,000000;0,000000;0,000000;0,000000;0,000000;0,000000;0,000000;0,000000
181;248;110205;2012;0,000000;0,000000;0,000000;0,000000;0,000000;0,000000;0,000000;0,000000;0,000000;0,000000
224;291;110206;2007;0,000000;0,000000;0,000000;0,000000;0,000000;0,000000;0,000000;0,000000;0,000000;0,000000
225;292;110206;2008;0,000000;0,000000;0,000000;0,000000;0,000000;0,000000;0,000000;0,000000;0,000000;0,000000
226;293;110206;2009;0,000000;0,000000;0,000000;0,000000;0,000000;0,000000;0,000000;0,000000;0,000000;0,000000
227;294;110206;2010;0,000000;0,000000;0,000000;0,000000;0,000000;0,000000;0,000000;0,000000;0,000000;0,000000
228;295;110206;2011;0,000000;0,000000;0,000000;0,000000;0,000000;0,000000;0,000000;0,000000;0,000000;0,000000
229;296;110206;2012;0,000000;0,000000;0,000000;0,000000;0,000000;0,000000;0,000000;0,000000;0,000000;0,000000
260;328;110207;2007;0,000000;0,000000;0,000000;0,000000;0,000000;0,000000;0,000000;0,000000;0,000000;0,000000
261;329;110207;2008;0,000000;0,000000;0,000000;0,000000;0,000000;0,000000;0,000000;0,000000;0,000000;0,000000
262;330;110207;2009;0,000000;0,000000;0,000000;0,000000;0,000000;0,000000;0,000000;0,000000;0,000000;0,000000
263;331;110207;2010;0,000000;0,000000;0,000000;0,000000;0,000000;0,000000;0,000000;0,000000;0,000000;0,000000
264;332;110207;2011;0,000000;0,000000;0,000000;0,000000;0,000000;0,000000;0,000000;0,000000;0,000000;0,000000
265;333;110207;2012;0,000000;0,000000;0,000000;0,000000;0,000000;0,000000;0,000000;0,000000;0,000000;0,000000
248;316;110208;2007;0,000000;0,000000;0,000000;0,000000;0,000000;0,000000;0,000000;0,000000;0,000000;0,000000
249;317;110208;2008;0,000000;0,000000;0,000000;0,000000;0,000000;0,000000;0,000000;0,000000;0,000000;0,000000
250;318;110208;2009;0,000000;0,000000;0,000000;0,000000;0,000000;0,000000;0,000000;0,000000;0,000000;0,000000
251;319;110208;2010;0,000000;0,000000;0,000000;0,000000;0,000000;0,000000;0,000000;0,000000;0,000000;0,000000
252;320;110208;2011;0,000000;0,000000;0,000000;0,000000;0,000000;0,000000;0,000000;0,000000;0,000000;0,000000
253;321;110208;2012;0,000000;0,000000;0,000000;0,000000;0,000000;0,000000;0,000000;0,000000;0,000000;0,000000
266;334;110209;2007;0,000000;0,000000;0,000000;0,000000;0,000000;0,000000;0,000000;0,000000;0,000000;0,000000
267;335;110209;2008;0,000000;0,000000;0,000000;0,000000;0,000000;0,000000;0,000000;0,000000;0,000000;0,000000
268;336;110209;2009;0,000000;0,000000;0,000000;0,000000;0,000000;0,000000;0,000000;0,000000;0,000000;0,000000
269;337;110209;2010;0,000000;0,000000;0,000000;0,000000;0,000000;0,000000;0,000000;0,000000;0,000000;0,000000
270;338;110209;2011;0,000000;0,000000;0,000000;0,000000;0,000000;0,000000;0,000000;0,000000;0,000000;0,000000
271;339;110209;2012;0,000000;0,000000;0,000000;0,000000;0,000000;0,000000;0,000000;0,000000;0,000000;0,000000
1;63;110301;2012;240 722 260,000000;240 722 260,000000;0,000000;0,000000;0,000000;0,000000;148 174 211,000000;148 174 211,000000;240 722 260,000000;240 722 260,000000
2;64;110301;2013;126 631 574,000000;126 631 574,000000;0,000000;0,000000;0,000000;0,000000;126 631 574,000000;126 631 574,000000;126 631 574,000000;211 532 204,000000
3;62;110301;2011;45 019 426,000000;45 019 426,000000;0,000000;0,000000;0,000000;0,000000;36 426 637,000000;36 426 637,000000;45 019 426,000000;45 019 426,000000
272;340;110301;2007;0,000000;0,000000;0,000000;0,000000;0,000000;0,000000;0,000000;0,000000;0,000000;0,000000
273;341;110301;2008;0,000000;0,000000;0,000000;0,000000;0,000000;0,000000;0,000000;0,000000;0,000000;0,000000
274;342;110301;2009;0,000000;0,000000;0,000000;0,000000;0,000000;0,000000;0,000000;0,000000;0,000000;0,000000
275;343;110301;2010;0,000000;0,000000;0,000000;0,000000;0,000000;0,000000;0,000000;0,000000;0,000000;0,000000
276;345;110302;2007;0,000000;0,000000;0,000000;0,000000;0,000000;0,000000;0,000000;0,000000;0,000000;0,000000
277;346;110302;2008;0,000000;0,000000;0,000000;0,000000;0,000000;0,000000;0,000000;0,000000;0,000000;0,000000
278;347;110302;2009;0,000000;0,000000;0,000000;0,000000;0,000000;0,000000;0,000000;0,000000;0,000000;0,000000
279;348;110302;2010;0,000000;0,000000;0,000000;0,000000;0,000000;0,000000;0,000000;0,000000;0,000000;0,000000
280;349;110302;2011;0,000000;0,000000;0,000000;0,000000;0,000000;0,000000;0,000000;0,000000;0,000000;0,000000
281;350;110302;2012;0,000000;0,000000;0,000000;0,000000;0,000000;0,000000;0,000000;0,000000;0,000000;0,000000
282;351;110303;2007;0,000000;0,000000;0,000000;0,000000;0,000000;0,000000;0,000000;0,000000;0,000000;0,000000
283;352;110303;2008;0,000000;0,000000;0,000000;0,000000;0,000000;0,000000;0,000000;0,000000;0,000000;0,000000
284;353;110303;2009;0,000000;0,000000;0,000000;0,000000;0,000000;0,000000;0,000000;0,000000;0,000000;0,000000
285;354;110303;2010;0,000000;0,000000;0,000000;0,000000;0,000000;0,000000;0,000000;0,000000;0,000000;0,000000
286;355;110303;2011;0,000000;0,000000;0,000000;0,000000;0,000000;0,000000;0,000000;0,000000;0,000000;0,000000
287;356;110303;2012;0,000000;0,000000;0,000000;0,000000;0,000000;0,000000;0,000000;0,000000;0,000000;0,000000
300;369;110304;2007;0,000000;0,000000;0,000000;0,000000;0,000000;0,000000;0,000000;0,000000;0,000000;0,000000
301;370;110304;2008;0,000000;0,000000;0,000000;0,000000;0,000000;0,000000;0,000000;0,000000;0,000000;0,000000
302;371;110304;2009;0,000000;0,000000;0,000000;0,000000;0,000000;0,000000;0,000000;0,000000;0,000000;0,000000
303;372;110304;2010;0,000000;0,000000;0,000000;0,000000;0,000000;0,000000;0,000000;0,000000;0,000000;0,000000
304;373;110304;2011;0,000000;0,000000;0,000000;0,000000;0,000000;0,000000;0,000000;0,000000;0,000000;0,000000
305;374;110304;2012;0,000000;0,000000;0,000000;0,000000;0,000000;0,000000;0,000000;0,000000;0,000000;0,000000
306;375;110305;2007;0,000000;0,000000;0,000000;0,000000;0,000000;0,000000;0,000000;0,000000;0,000000;0,000000
307;376;110305;2008;0,000000;0,000000;0,000000;0,000000;0,000000;0,000000;0,000000;0,000000;0,000000;0,000000
308;377;110305;2009;0,000000;0,000000;0,000000;0,000000;0,000000;0,000000;0,000000;0,000000;0,000000;0,000000
309;378;110305;2010;0,000000;0,000000;0,000000;0,000000;0,000000;0,000000;0,000000;0,000000;0,000000;0,000000
310;379;110305;2011;0,000000;0,000000;0,000000;0,000000;0,000000;0,000000;0,000000;0,000000;0,000000;0,000000
311;380;110305;2012;0,000000;0,000000;0,000000;0,000000;0,000000;0,000000;0,000000;0,000000;0,000000;0,000000
312;381;110306;2007;0,000000;0,000000;0,000000;0,000000;0,000000;0,000000;0,000000;0,000000;0,000000;0,000000
313;382;110306;2008;0,000000;0,000000;0,000000;0,000000;0,000000;0,000000;0,000000;0,000000;0,000000;0,000000
314;383;110306;2009;0,000000;0,000000;0,000000;0,000000;0,000000;0,000000;0,000000;0,000000;0,000000;0,000000
315;384;110306;2010;0,000000;0,000000;0,000000;0,000000;0,000000;0,000000;0,000000;0,000000;0,000000;0,000000
316;385;110306;2011;0,000000;0,000000;0,000000;0,000000;0,000000;0,000000;0,000000;0,000000;0,000000;0,000000
317;387;110306;2012;0,000000;0,000000;0,000000;0,000000;0,000000;0,000000;0,000000;0,000000;0,000000;0,000000
318;388;110307;2007;0,000000;0,000000;0,000000;0,000000;0,000000;0,000000;0,000000;0,000000;0,000000;0,000000
319;389;110307;2008;0,000000;0,000000;0,000000;0,000000;0,000000;0,000000;0,000000;0,000000;0,000000;0,000000
320;390;110307;2009;0,000000;0,000000;0,000000;0,000000;0,000000;0,000000;0,000000;0,000000;0,000000;0,000000
321;391;110307;2010;0,000000;0,000000;0,000000;0,000000;0,000000;0,000000;0,000000;0,000000;0,000000;0,000000
322;392;110307;2011;0,000000;0,000000;0,000000;0,000000;0,000000;0,000000;0,000000;0,000000;0,000000;0,000000
323;393;110307;2012;0,000000;0,000000;0,000000;0,000000;0,000000;0,000000;0,000000;0,000000;0,000000;0,000000
288;357;110308;2007;0,000000;0,000000;0,000000;0,000000;0,000000;0,000000;0,000000;0,000000;0,000000;0,000000
289;358;110308;2008;0,000000;0,000000;0,000000;0,000000;0,000000;0,000000;0,000000;0,000000;0,000000;0,000000
290;359;110308;2009;0,000000;0,000000;0,000000;0,000000;0,000000;0,000000;0,000000;0,000000;0,000000;0,000000
291;360;110308;2010;0,000000;0,000000;0,000000;0,000000;0,000000;0,000000;0,000000;0,000000;0,000000;0,000000
292;361;110308;2011;0,000000;0,000000;0,000000;0,000000;0,000000;0,000000;0,000000;0,000000;0,000000;0,000000
293;362;110308;2012;0,000000;0,000000;0,000000;0,000000;0,000000;0,000000;0,000000;0,000000;0,000000;0,000000
294;363;110309;2007;0,000000;0,000000;0,000000;0,000000;0,000000;0,000000;0,000000;0,000000;0,000000;0,000000
295;364;110309;2008;0,000000;0,000000;0,000000;0,000000;0,000000;0,000000;0,000000;0,000000;0,000000;0,000000
296;365;110309;2009;0,000000;0,000000;0,000000;0,000000;0,000000;0,000000;0,000000;0,000000;0,000000;0,000000
297;366;110309;2010;0,000000;0,000000;0,000000;0,000000;0,000000;0,000000;0,000000;0,000000;0,000000;0,000000
298;367;110309;2011;0,000000;0,000000;0,000000;0,000000;0,000000;0,000000;0,000000;0,000000;0,000000;0,000000
299;368;110309;2012;0,000000;0,000000;0,000000;0,000000;0,000000;0,000000;0,000000;0,000000;0,000000;0,000000
324;394;110401;2007;0,000000;0,000000;0,000000;0,000000;0,000000;0,000000;0,000000;0,000000;0,000000;0,000000
325;395;110401;2008;0,000000;0,000000;0,000000;0,000000;0,000000;0,000000;0,000000;0,000000;0,000000;0,000000
326;396;110401;2009;0,000000;0,000000;0,000000;0,000000;0,000000;0,000000;0,000000;0,000000;0,000000;0,000000
327;397;110401;2010;0,000000;0,000000;0,000000;0,000000;0,000000;0,000000;0,000000;0,000000;0,000000;0,000000
328;398;110401;2011;0,000000;0,000000;0,000000;0,000000;0,000000;0,000000;0,000000;0,000000;0,000000;0,000000
329;399;110401;2012;0,000000;0,000000;0,000000;0,000000;0,000000;0,000000;0,000000;0,000000;0,000000;0,000000
330;400;110402;2007;0,000000;0,000000;0,000000;0,000000;0,000000;0,000000;0,000000;0,000000;0,000000;0,000000
331;401;110402;2008;0,000000;0,000000;0,000000;0,000000;0,000000;0,000000;0,000000;0,000000;0,000000;0,000000
332;402;110402;2009;0,000000;0,000000;0,000000;0,000000;0,000000;0,000000;0,000000;0,000000;0,000000;0,000000
333;403;110402;2010;0,000000;0,000000;0,000000;0,000000;0,000000;0,000000;0,000000;0,000000;0,000000;0,000000
334;404;110402;2011;0,000000;0,000000;0,000000;0,000000;0,000000;0,000000;0,000000;0,000000;0,000000;0,000000
335;405;110402;2012;0,000000;0,000000;0,000000;0,000000;0,000000;0,000000;0,000000;0,000000;0,000000;0,000000
336;406;110403;2007;0,000000;0,000000;0,000000;0,000000;0,000000;0,000000;0,000000;0,000000;0,000000;0,000000
337;407;110403;2008;0,000000;0,000000;0,000000;0,000000;0,000000;0,000000;0,000000;0,000000;0,000000;0,000000
338;408;110403;2009;0,000000;0,000000;0,000000;0,000000;0,000000;0,000000;0,000000;0,000000;0,000000;0,000000
339;409;110403;2010;0,000000;0,000000;0,000000;0,000000;0,000000;0,000000;0,000000;0,000000;0,000000;0,000000
340;410;110403;2011;0,000000;0,000000;0,000000;0,000000;0,000000;0,000000;0,000000;0,000000;0,000000;0,000000
341;411;110403;2012;0,000000;0,000000;0,000000;0,000000;0,000000;0,000000;0,000000;0,000000;0,000000;0,000000
342;412;110404;2007;0,000000;0,000000;0,000000;0,000000;0,000000;0,000000;0,000000;0,000000;0,000000;0,000000
343;413;110404;2008;0,000000;0,000000;0,000000;0,000000;0,000000;0,000000;0,000000;0,000000;0,000000;0,000000
344;414;110404;2009;0,000000;0,000000;0,000000;0,000000;0,000000;0,000000;0,000000;0,000000;0,000000;0,000000
345;415;110404;2010;0,000000;0,000000;0,000000;0,000000;0,000000;0,000000;0,000000;0,000000;0,000000;0,000000
346;416;110404;2011;0,000000;0,000000;0,000000;0,000000;0,000000;0,000000;0,000000;0,000000;0,000000;0,000000
347;417;110404;2012;0,000000;0,000000;0,000000;0,000000;0,000000;0,000000;0,000000;0,000000;0,000000;0,000000
348;418;110405;2007;0,000000;0,000000;0,000000;0,000000;0,000000;0,000000;0,000000;0,000000;0,000000;0,000000
349;419;110405;2008;0,000000;0,000000;0,000000;0,000000;0,000000;0,000000;0,000000;0,000000;0,000000;0,000000
350;420;110405;2009;0,000000;0,000000;0,000000;0,000000;0,000000;0,000000;0,000000;0,000000;0,000000;0,000000
351;421;110405;2010;0,000000;0,000000;0,000000;0,000000;0,000000;0,000000;0,000000;0,000000;0,000000;0,000000
352;422;110405;2011;0,000000;0,000000;0,000000;0,000000;0,000000;0,000000;0,000000;0,000000;0,000000;0,000000
353;423;110405;2012;0,000000;0,000000;0,000000;0,000000;0,000000;0,000000;0,000000;0,000000;0,000000;0,000000
360;431;110501;2007;0,000000;0,000000;0,000000;0,000000;0,000000;0,000000;0,000000;0,000000;0,000000;0,000000
361;432;110501;2008;0,000000;0,000000;0,000000;0,000000;0,000000;0,000000;0,000000;0,000000;0,000000;0,000000
362;433;110501;2009;0,000000;0,000000;0,000000;0,000000;0,000000;0,000000;0,000000;0,000000;0,000000;0,000000
363;434;110501;2010;0,000000;0,000000;0,000000;0,000000;0,000000;0,000000;0,000000;0,000000;0,000000;0,000000
364;435;110501;2011;0,000000;0,000000;0,000000;0,000000;0,000000;0,000000;0,000000;0,000000;0,000000;0,000000
365;436;110501;2012;0,000000;0,000000;0,000000;0,000000;0,000000;0,000000;0,000000;0,000000;0,000000;0,000000
391;462;110502;2007;0,000000;0,000000;0,000000;0,000000;0,000000;0,000000;0,000000;0,000000;0,000000;0,000000
392;463;110502;2008;0,000000;0,000000;0,000000;0,000000;0,000000;0,000000;0,000000;0,000000;0,000000;0,000000
393;464;110502;2009;0,000000;0,000000;0,000000;0,000000;0,000000;0,000000;0,000000;0,000000;0,000000;0,000000
394;465;110502;2010;0,000000;0,000000;0,000000;0,000000;0,000000;0,000000;0,000000;0,000000;0,000000;0,000000
395;466;110502;2011;0,000000;0,000000;0,000000;0,000000;0,000000;0,000000;0,000000;0,000000;0,000000;0,000000
396;467;110502;2012;0,000000;0,000000;0,000000;0,000000;0,000000;0,000000;0,000000;0,000000;0,000000;0,000000
372;443;110503;2007;0,000000;0,000000;0,000000;0,000000;0,000000;0,000000;0,000000;0,000000;0,000000;0,000000
373;444;110503;2008;0,000000;0,000000;0,000000;0,000000;0,000000;0,000000;0,000000;0,000000;0,000000;0,000000
374;445;110503;2009;0,000000;0,000000;0,000000;0,000000;0,000000;0,000000;0,000000;0,000000;0,000000;0,000000
375;446;110503;2010;0,000000;0,000000;0,000000;0,000000;0,000000;0,000000;0,000000;0,000000;0,000000;0,000000
376;447;110503;2011;0,000000;0,000000;0,000000;0,000000;0,000000;0,000000;0,000000;0,000000;0,000000;0,000000
377;448;110503;2012;0,000000;0,000000;0,000000;0,000000;0,000000;0,000000;0,000000;0,000000;0,000000;0,000000
354;424;110504;2007;0,000000;0,000000;0,000000;0,000000;0,000000;0,000000;0,000000;0,000000;0,000000;0,000000
355;425;110504;2008;0,000000;0,000000;0,000000;0,000000;0,000000;0,000000;0,000000;0,000000;0,000000;0,000000
356;426;110504;2009;0,000000;0,000000;0,000000;0,000000;0,000000;0,000000;0,000000;0,000000;0,000000;0,000000
357;427;110504;2010;0,000000;0,000000;0,000000;0,000000;0,000000;0,000000;0,000000;0,000000;0,000000;0,000000
358;428;110504;2011;0,000000;0,000000;0,000000;0,000000;0,000000;0,000000;0,000000;0,000000;0,000000;0,000000
359;429;110504;2012;0,000000;0,000000;0,000000;0,000000;0,000000;0,000000;0,000000;0,000000;0,000000;0,000000
366;437;110505;2007;0,000000;0,000000;0,000000;0,000000;0,000000;0,000000;0,000000;0,000000;0,000000;0,000000
367;438;110505;2008;0,000000;0,000000;0,000000;0,000000;0,000000;0,000000;0,000000;0,000000;0,000000;0,000000
368;439;110505;2009;0,000000;0,000000;0,000000;0,000000;0,000000;0,000000;0,000000;0,000000;0,000000;0,000000
369;440;110505;2010;0,000000;0,000000;0,000000;0,000000;0,000000;0,000000;0,000000;0,000000;0,000000;0,000000
370;441;110505;2011;0,000000;0,000000;0,000000;0,000000;0,000000;0,000000;0,000000;0,000000;0,000000;0,000000
371;442;110505;2012;0,000000;0,000000;0,000000;0,000000;0,000000;0,000000;0,000000;0,000000;0,000000;0,000000
378;449;110506;2007;0,000000;0,000000;0,000000;0,000000;0,000000;0,000000;0,000000;0,000000;0,000000;0,000000
379;450;110506;2008;0,000000;0,000000;0,000000;0,000000;0,000000;0,000000;0,000000;0,000000;0,000000;0,000000
380;451;110506;2009;0,000000;0,000000;0,000000;0,000000;0,000000;0,000000;0,000000;0,000000;0,000000;0,000000
381;452;110506;2010;0,000000;0,000000;0,000000;0,000000;0,000000;0,000000;0,000000;0,000000;0,000000;0,000000
382;453;110506;2011;0,000000;0,000000;0,000000;0,000000;0,000000;0,000000;0,000000;0,000000;0,000000;0,000000
383;454;110506;2012;0,000000;0,000000;0,000000;0,000000;0,000000;0,000000;0,000000;0,000000;0,000000;0,000000
384;455;110507;2007;0,000000;0,000000;0,000000;0,000000;0,000000;0,000000;0,000000;0,000000;0,000000;0,000000
385;456;110507;2008;0,000000;0,000000;0,000000;0,000000;0,000000;0,000000;0,000000;0,000000;0,000000;0,000000
386;457;110507;2009;0,000000;0,000000;0,000000;0,000000;0,000000;0,000000;0,000000;0,000000;0,000000;0,000000
387;458;110507;2010;0,000000;0,000000;0,000000;0,000000;0,000000;0,000000;0,000000;0,000000;0,000000;0,000000
388;459;110507;2011;0,000000;0,000000;0,000000;0,000000;0,000000;0,000000;0,000000;0,000000;0,000000;0,000000
389;460;110507;2012;0,000000;0,000000;0,000000;0,000000;0,000000;0,000000;0,000000;0,000000;0,000000;0,000000
397;468;110508;2007;0,000000;0,000000;0,000000;0,000000;0,000000;0,000000;0,000000;0,000000;0,000000;0,000000
398;469;110508;2008;0,000000;0,000000;0,000000;0,000000;0,000000;0,000000;0,000000;0,000000;0,000000;0,000000
399;470;110508;2009;0,000000;0,000000;0,000000;0,000000;0,000000;0,000000;0,000000;0,000000;0,000000;0,000000
400;471;110508;2010;0,000000;0,000000;0,000000;0,000000;0,000000;0,000000;0,000000;0,000000;0,000000;0,000000
401;472;110508;2011;0,000000;0,000000;0,000000;0,000000;0,000000;0,000000;0,000000;0,000000;0,000000;0,000000
402;473;110508;2012;0,000000;0,000000;0,000000;0,000000;0,000000;0,000000;0,000000;0,000000;0,000000;0,000000
24;66;110601;2016;168 468 730,000000;168 468 730,000000;38 100 000,000000;38 100 000,000000;25 400 000,000000;25 400 000,000000;168 468 730,000000;0,000000;168 468 730,000000;0,000000
25;67;110601;2017;25 400 000,000000;25 400 000,000000;0,000000;0,000000;0,000000;0,000000;25 400 000,000000;0,000000;25 400 000,000000;0,000000
26;68;110601;2018;25 400 000,000000;25 400 000,000000;0,000000;0,000000;0,000000;0,000000;25 400 000,000000;0,000000;25 400 000,000000;0,000000
403;474;110601;2007;0,000000;0,000000;0,000000;0,000000;0,000000;0,000000;0,000000;0,000000;0,000000;0,000000
404;475;110601;2008;0,000000;0,000000;0,000000;0,000000;0,000000;0,000000;0,000000;0,000000;0,000000;0,000000
405;476;110601;2009;0,000000;0,000000;0,000000;0,000000;0,000000;0,000000;0,000000;0,000000;0,000000;0,000000
406;477;110601;2010;0,000000;0,000000;0,000000;0,000000;0,000000;0,000000;0,000000;0,000000;0,000000;0,000000
407;478;110601;2011;0,000000;0,000000;0,000000;0,000000;0,000000;0,000000;0,000000;0,000000;0,000000;0,000000
408;479;110601;2012;0,000000;0,000000;0,000000;0,000000;0,000000;0,000000;0,000000;0,000000;0,000000;0,000000
409;480;110602;2007;0,000000;0,000000;0,000000;0,000000;0,000000;0,000000;0,000000;0,000000;0,000000;0,000000
410;481;110602;2008;0,000000;0,000000;0,000000;0,000000;0,000000;0,000000;0,000000;0,000000;0,000000;0,000000
411;482;110602;2009;0,000000;0,000000;0,000000;0,000000;0,000000;0,000000;0,000000;0,000000;0,000000;0,000000
412;483;110602;2010;0,000000;0,000000;0,000000;0,000000;0,000000;0,000000;0,000000;0,000000;0,000000;0,000000
413;484;110602;2011;0,000000;0,000000;0,000000;0,000000;0,000000;0,000000;0,000000;0,000000;0,000000;0,000000
414;485;110602;2012;0,000000;0,000000;0,000000;0,000000;0,000000;0,000000;0,000000;0,000000;0,000000;0,000000
13;57;110603;2008;72 000 000,000000;72 000 000,000000;0,000000;52 950 000,000000;0,000000;19 550 000,000000;0,000000;72 000 000,000000;72 000 000,000000;0,000000
15;58;110603;2009;98 000 000,000000;98 000 000,000000;0,000000;80 335 000,000000;0,000000;31 000 000,000000;0,000000;98 000 000,000000;98 000 000,000000;0,000000
18;44;110603;2007;70 000 000,000000;70 000 000,000000;0,000000;51 918 104,000000;0,000000;17 721 896,000000;0,000000;70 000 000,000000;70 000 000,000000;0,000000
415;487;110603;2010;0,000000;0,000000;0,000000;0,000000;0,000000;0,000000;0,000000;0,000000;0,000000;0,000000
416;488;110603;2011;0,000000;0,000000;0,000000;0,000000;0,000000;0,000000;0,000000;0,000000;0,000000;0,000000
417;489;110603;2012;0,000000;0,000000;0,000000;0,000000;0,000000;0,000000;0,000000;0,000000;0,000000;0,000000
418;490;110604;2007;0,000000;0,000000;0,000000;0,000000;0,000000;0,000000;0,000000;0,000000;0,000000;0,000000
419;491;110604;2008;0,000000;0,000000;0,000000;0,000000;0,000000;0,000000;0,000000;0,000000;0,000000;0,000000
420;492;110604;2009;0,000000;0,000000;0,000000;0,000000;0,000000;0,000000;0,000000;0,000000;0,000000;0,000000
421;493;110604;2010;0,000000;0,000000;0,000000;0,000000;0,000000;0,000000;0,000000;0,000000;0,000000;0,000000
422;494;110604;2011;0,000000;0,000000;0,000000;0,000000;0,000000;0,000000;0,000000;0,000000;0,000000;0,000000
423;495;110604;2012;0,000000;0,000000;0,000000;0,000000;0,000000;0,000000;0,000000;0,000000;0,000000;0,000000
424;496;110701;2008;0,000000;0,000000;0,000000;0,000000;0,000000;0,000000;0,000000;0,000000;0,000000;0,000000
425;497;110701;2009;0,000000;0,000000;0,000000;0,000000;0,000000;0,000000;0,000000;0,000000;0,000000;0,000000
426;498;110701;2010;0,000000;0,000000;0,000000;0,000000;0,000000;0,000000;0,000000;0,000000;0,000000;0,000000
427;499;110701;2011;0,000000;0,000000;0,000000;0,000000;0,000000;0,000000;0,000000;0,000000;0,000000;0,000000
428;500;110701;2012;0,000000;0,000000;0,000000;0,000000;0,000000;0,000000;0,000000;0,000000;0,000000;0,000000
429;501;110702;2008;0,000000;0,000000;0,000000;0,000000;0,000000;0,000000;0,000000;0,000000;0,000000;0,000000
430;502;110702;2009;0,000000;0,000000;0,000000;0,000000;0,000000;0,000000;0,000000;0,000000;0,000000;0,000000
431;503;110702;2010;0,000000;0,000000;0,000000;0,000000;0,000000;0,000000;0,000000;0,000000;0,000000;0,000000
432;504;110702;2011;0,000000;0,000000;0,000000;0,000000;0,000000;0,000000;0,000000;0,000000;0,000000;0,000000
433;505;110702;2012;0,000000;0,000000;0,000000;0,000000;0,000000;0,000000;0,000000;0,000000;0,000000;0,000000
434;507;110703;2008;0,000000;0,000000;0,000000;0,000000;0,000000;0,000000;0,000000;0,000000;0,000000;0,000000
435;508;110703;2009;0,000000;0,000000;0,000000;0,000000;0,000000;0,000000;0,000000;0,000000;0,000000;0,000000
436;509;110703;2010;0,000000;0,000000;0,000000;0,000000;0,000000;0,000000;0,000000;0,000000;0,000000;0,000000
437;510;110703;2011;0,000000;0,000000;0,000000;0,000000;0,000000;0,000000;0,000000;0,000000;0,000000;0,000000
438;511;110703;2012;0,000000;0,000000;0,000000;0,000000;0,000000;0,000000;0,000000;0,000000;0,000000;0,000000
439;512;110704;2008;0,000000;0,000000;0,000000;0,000000;0,000000;0,000000;0,000000;0,000000;0,000000;0,000000
440;513;110704;2009;0,000000;0,000000;0,000000;0,000000;0,000000;0,000000;0,000000;0,000000;0,000000;0,000000
441;514;110704;2010;0,000000;0,000000;0,000000;0,000000;0,000000;0,000000;0,000000;0,000000;0,000000;0,000000
442;515;110704;2011;0,000000;0,000000;0,000000;0,000000;0,000000;0,000000;0,000000;0,000000;0,000000;0,000000
443;516;110704;2012;0,000000;0,000000;0,000000;0,000000;0,000000;0,000000;0,000000;0,000000;0,000000;0,000000
444;517;110705;2008;0,000000;0,000000;0,000000;0,000000;0,000000;0,000000;0,000000;0,000000;0,000000;0,000000
445;518;110705;2009;0,000000;0,000000;0,000000;0,000000;0,000000;0,000000;0,000000;0,000000;0,000000;0,000000
446;519;110705;2010;0,000000;0,000000;0,000000;0,000000;0,000000;0,000000;0,000000;0,000000;0,000000;0,000000
447;520;110705;2011;0,000000;0,000000;0,000000;0,000000;0,000000;0,000000;0,000000;0,000000;0,000000;0,000000
448;521;110705;2012;0,000000;0,000000;0,000000;0,000000;0,000000;0,000000;0,000000;0,000000;0,000000;0,000000
449;522;110706;2008;0,000000;0,000000;0,000000;0,000000;0,000000;0,000000;0,000000;0,000000;0,000000;0,000000
450;523;110706;2009;0,000000;0,000000;0,000000;0,000000;0,000000;0,000000;0,000000;0,000000;0,000000;0,000000
451;524;110706;2010;0,000000;0,000000;0,000000;0,000000;0,000000;0,000000;0,000000;0,000000;0,000000;0,000000
452;525;110706;2011;0,000000;0,000000;0,000000;0,000000;0,000000;0,000000;0,000000;0,000000;0,000000;0,000000
453;526;110706;2012;0,000000;0,000000;0,000000;0,000000;0,000000;0,000000;0,000000;0,000000;0,000000;0,000000
454;527;110707;2008;0,000000;0,000000;0,000000;0,000000;0,000000;0,000000;0,000000;0,000000;0,000000;0,000000
455;528;110707;2009;0,000000;0,000000;0,000000;0,000000;0,000000;0,000000;0,000000;0,000000;0,000000;0,000000
456;529;110707;2010;0,000000;0,000000;0,000000;0,000000;0,000000;0,000000;0,000000;0,000000;0,000000;0,000000
457;530;110707;2011;0,000000;0,000000;0,000000;0,000000;0,000000;0,000000;0,000000;0,000000;0,000000;0,000000
458;531;110707;2012;0,000000;0,000000;0,000000;0,000000;0,000000;0,000000;0,000000;0,000000;0,000000;0,000000
471;544;110801;2007;0,000000;0,000000;0,000000;0,000000;0,000000;0,000000;0,000000;0,000000;0,000000;0,000000
472;545;110801;2008;0,000000;0,000000;0,000000;0,000000;0,000000;0,000000;0,000000;0,000000;0,000000;0,000000
473;546;110801;2009;0,000000;0,000000;0,000000;0,000000;0,000000;0,000000;0,000000;0,000000;0,000000;0,000000
474;547;110801;2010;0,000000;0,000000;0,000000;0,000000;0,000000;0,000000;0,000000;0,000000;0,000000;0,000000
475;548;110801;2011;0,000000;0,000000;0,000000;0,000000;0,000000;0,000000;0,000000;0,000000;0,000000;0,000000
476;549;110801;2012;0,000000;0,000000;0,000000;0,000000;0,000000;0,000000;0,000000;0,000000;0,000000;0,000000
513;586;110802;2007;0,000000;0,000000;0,000000;0,000000;0,000000;0,000000;0,000000;0,000000;0,000000;0,000000
514;587;110802;2008;0,000000;0,000000;0,000000;0,000000;0,000000;0,000000;0,000000;0,000000;0,000000;0,000000
515;588;110802;2009;0,000000;0,000000;0,000000;0,000000;0,000000;0,000000;0,000000;0,000000;0,000000;0,000000
516;589;110802;2010;0,000000;0,000000;0,000000;0,000000;0,000000;0,000000;0,000000;0,000000;0,000000;0,000000
517;590;110802;2011;0,000000;0,000000;0,000000;0,000000;0,000000;0,000000;0,000000;0,000000;0,000000;0,000000
518;591;110802;2012;0,000000;0,000000;0,000000;0,000000;0,000000;0,000000;0,000000;0,000000;0,000000;0,000000
477;550;110803;2007;0,000000;0,000000;0,000000;0,000000;0,000000;0,000000;0,000000;0,000000;0,000000;0,000000
478;551;110803;2008;0,000000;0,000000;0,000000;0,000000;0,000000;0,000000;0,000000;0,000000;0,000000;0,000000
479;552;110803;2009;0,000000;0,000000;0,000000;0,000000;0,000000;0,000000;0,000000;0,000000;0,000000;0,000000
480;553;110803;2010;0,000000;0,000000;0,000000;0,000000;0,000000;0,000000;0,000000;0,000000;0,000000;0,000000
481;554;110803;2011;0,000000;0,000000;0,000000;0,000000;0,000000;0,000000;0,000000;0,000000;0,000000;0,000000
482;555;110803;2012;0,000000;0,000000;0,000000;0,000000;0,000000;0,000000;0,000000;0,000000;0,000000;0,000000
483;556;110804;2007;0,000000;0,000000;0,000000;0,000000;0,000000;0,000000;0,000000;0,000000;0,000000;0,000000
484;557;110804;2008;0,000000;0,000000;0,000000;0,000000;0,000000;0,000000;0,000000;0,000000;0,000000;0,000000
485;558;110804;2009;0,000000;0,000000;0,000000;0,000000;0,000000;0,000000;0,000000;0,000000;0,000000;0,000000
486;559;110804;2010;0,000000;0,000000;0,000000;0,000000;0,000000;0,000000;0,000000;0,000000;0,000000;0,000000
487;560;110804;2011;0,000000;0,000000;0,000000;0,000000;0,000000;0,000000;0,000000;0,000000;0,000000;0,000000
488;561;110804;2012;0,000000;0,000000;0,000000;0,000000;0,000000;0,000000;0,000000;0,000000;0,000000;0,000000
489;562;110805;2007;0,000000;0,000000;0,000000;0,000000;0,000000;0,000000;0,000000;0,000000;0,000000;0,000000
490;563;110805;2008;0,000000;0,000000;0,000000;0,000000;0,000000;0,000000;0,000000;0,000000;0,000000;0,000000
491;564;110805;2009;0,000000;0,000000;0,000000;0,000000;0,000000;0,000000;0,000000;0,000000;0,000000;0,000000
492;565;110805;2010;0,000000;0,000000;0,000000;0,000000;0,000000;0,000000;0,000000;0,000000;0,000000;0,000000
493;566;110805;2011;0,000000;0,000000;0,000000;0,000000;0,000000;0,000000;0,000000;0,000000;0,000000;0,000000
494;567;110805;2012;0,000000;0,000000;0,000000;0,000000;0,000000;0,000000;0,000000;0,000000;0,000000;0,000000
465;538;110806;2007;0,000000;0,000000;0,000000;0,000000;0,000000;0,000000;0,000000;0,000000;0,000000;0,000000
466;539;110806;2008;0,000000;0,000000;0,000000;0,000000;0,000000;0,000000;0,000000;0,000000;0,000000;0,000000
467;540;110806;2009;0,000000;0,000000;0,000000;0,000000;0,000000;0,000000;0,000000;0,000000;0,000000;0,000000
468;541;110806;2010;0,000000;0,000000;0,000000;0,000000;0,000000;0,000000;0,000000;0,000000;0,000000;0,000000
469;542;110806;2011;0,000000;0,000000;0,000000;0,000000;0,000000;0,000000;0,000000;0,000000;0,000000;0,000000
470;543;110806;2012;0,000000;0,000000;0,000000;0,000000;0,000000;0,000000;0,000000;0,000000;0,000000;0,000000
495;568;110807;2007;0,000000;0,000000;0,000000;0,000000;0,000000;0,000000;0,000000;0,000000;0,000000;0,000000
496;569;110807;2008;0,000000;0,000000;0,000000;0,000000;0,000000;0,000000;0,000000;0,000000;0,000000;0,000000
497;570;110807;2009;0,000000;0,000000;0,000000;0,000000;0,000000;0,000000;0,000000;0,000000;0,000000;0,000000
498;571;110807;2010;0,000000;0,000000;0,000000;0,000000;0,000000;0,000000;0,000000;0,000000;0,000000;0,000000
499;572;110807;2011;0,000000;0,000000;0,000000;0,000000;0,000000;0,000000;0,000000;0,000000;0,000000;0,000000
500;573;110807;2012;0,000000;0,000000;0,000000;0,000000;0,000000;0,000000;0,000000;0,000000;0,000000;0,000000
501;574;110808;2007;0,000000;0,000000;0,000000;0,000000;0,000000;0,000000;0,000000;0,000000;0,000000;0,000000
502;575;110808;2008;0,000000;0,000000;0,000000;0,000000;0,000000;0,000000;0,000000;0,000000;0,000000;0,000000
503;576;110808;2009;0,000000;0,000000;0,000000;0,000000;0,000000;0,000000;0,000000;0,000000;0,000000;0,000000
504;577;110808;2010;0,000000;0,000000;0,000000;0,000000;0,000000;0,000000;0,000000;0,000000;0,000000;0,000000
505;578;110808;2011;0,000000;0,000000;0,000000;0,000000;0,000000;0,000000;0,000000;0,000000;0,000000;0,000000
506;579;110808;2012;0,000000;0,000000;0,000000;0,000000;0,000000;0,000000;0,000000;0,000000;0,000000;0,000000
459;532;110809;2007;0,000000;0,000000;0,000000;0,000000;0,000000;0,000000;0,000000;0,000000;0,000000;0,000000
460;533;110809;2008;0,000000;0,000000;0,000000;0,000000;0,000000;0,000000;0,000000;0,000000;0,000000;0,000000
461;534;110809;2009;0,000000;0,000000;0,000000;0,000000;0,000000;0,000000;0,000000;0,000000;0,000000;0,000000
462;535;110809;2010;0,000000;0,000000;0,000000;0,000000;0,000000;0,000000;0,000000;0,000000;0,000000;0,000000
463;536;110809;2011;0,000000;0,000000;0,000000;0,000000;0,000000;0,000000;0,000000;0,000000;0,000000;0,000000
464;537;110809;2012;0,000000;0,000000;0,000000;0,000000;0,000000;0,000000;0,000000;0,000000;0,000000;0,000000
512;585;110810;2012;0,000000;0,000000;0,000000;0,000000;0,000000;0,000000;0,000000;0,000000;0,000000;0,000000
507;580;110810;2007;0,000000;0,000000;0,000000;0,000000;0,000000;0,000000;0,000000;0,000000;0,000000;0,000000
508;581;110810;2008;0,000000;0,000000;0,000000;0,000000;0,000000;0,000000;0,000000;0,000000;0,000000;0,000000
509;582;110810;2009;0,000000;0,000000;0,000000;0,000000;0,000000;0,000000;0,000000;0,000000;0,000000;0,000000
510;583;110810;2010;0,000000;0,000000;0,000000;0,000000;0,000000;0,000000;0,000000;0,000000;0,000000;0,000000
511;584;110810;2011;0,000000;0,000000;0,000000;0,000000;0,000000;0,000000;0,000000;0,000000;0,000000;0,000000
519;592;110901;2007;0,000000;0,000000;0,000000;0,000000;0,000000;0,000000;0,000000;0,000000;0,000000;0,000000
520;593;110901;2008;0,000000;0,000000;0,000000;0,000000;0,000000;0,000000;0,000000;0,000000;0,000000;0,000000
521;594;110901;2009;0,000000;0,000000;0,000000;0,000000;0,000000;0,000000;0,000000;0,000000;0,000000;0,000000
522;595;110901;2010;0,000000;0,000000;0,000000;0,000000;0,000000;0,000000;0,000000;0,000000;0,000000;0,000000
523;596;110901;2011;0,000000;0,000000;0,000000;0,000000;0,000000;0,000000;0,000000;0,000000;0,000000;0,000000
524;597;110901;2012;0,000000;0,000000;0,000000;0,000000;0,000000;0,000000;0,000000;0,000000;0,000000;0,000000
543;616;110902;2007;0,000000;0,000000;0,000000;0,000000;0,000000;0,000000;0,000000;0,000000;0,000000;0,000000
544;617;110902;2008;0,000000;0,000000;0,000000;0,000000;0,000000;0,000000;0,000000;0,000000;0,000000;0,000000
545;618;110902;2009;0,000000;0,000000;0,000000;0,000000;0,000000;0,000000;0,000000;0,000000;0,000000;0,000000
546;619;110902;2010;0,000000;0,000000;0,000000;0,000000;0,000000;0,000000;0,000000;0,000000;0,000000;0,000000
547;620;110902;2011;0,000000;0,000000;0,000000;0,000000;0,000000;0,000000;0,000000;0,000000;0,000000;0,000000
548;621;110902;2012;0,000000;0,000000;0,000000;0,000000;0,000000;0,000000;0,000000;0,000000;0,000000;0,000000
525;598;110903;2007;0,000000;0,000000;0,000000;0,000000;0,000000;0,000000;0,000000;0,000000;0,000000;0,000000
526;599;110903;2008;0,000000;0,000000;0,000000;0,000000;0,000000;0,000000;0,000000;0,000000;0,000000;0,000000
527;600;110903;2009;0,000000;0,000000;0,000000;0,000000;0,000000;0,000000;0,000000;0,000000;0,000000;0,000000
528;601;110903;2010;0,000000;0,000000;0,000000;0,000000;0,000000;0,000000;0,000000;0,000000;0,000000;0,000000
529;602;110903;2011;0,000000;0,000000;0,000000;0,000000;0,000000;0,000000;0,000000;0,000000;0,000000;0,000000
530;603;110903;2012;0,000000;0,000000;0,000000;0,000000;0,000000;0,000000;0,000000;0,000000;0,000000;0,000000
537;610;110904;2007;0,000000;0,000000;0,000000;0,000000;0,000000;0,000000;0,000000;0,000000;0,000000;0,000000
538;611;110904;2008;0,000000;0,000000;0,000000;0,000000;0,000000;0,000000;0,000000;0,000000;0,000000;0,000000
539;612;110904;2009;0,000000;0,000000;0,000000;0,000000;0,000000;0,000000;0,000000;0,000000;0,000000;0,000000
540;613;110904;2010;0,000000;0,000000;0,000000;0,000000;0,000000;0,000000;0,000000;0,000000;0,000000;0,000000
541;614;110904;2011;0,000000;0,000000;0,000000;0,000000;0,000000;0,000000;0,000000;0,000000;0,000000;0,000000
542;615;110904;2012;0,000000;0,000000;0,000000;0,000000;0,000000;0,000000;0,000000;0,000000;0,000000;0,000000
531;604;110905;2007;0,000000;0,000000;0,000000;0,000000;0,000000;0,000000;0,000000;0,000000;0,000000;0,000000
532;605;110905;2008;0,000000;0,000000;0,000000;0,000000;0,000000;0,000000;0,000000;0,000000;0,000000;0,000000
533;606;110905;2009;0,000000;0,000000;0,000000;0,000000;0,000000;0,000000;0,000000;0,000000;0,000000;0,000000
534;607;110905;2010;0,000000;0,000000;0,000000;0,000000;0,000000;0,000000;0,000000;0,000000;0,000000;0,000000
535;608;110905;2011;0,000000;0,000000;0,000000;0,000000;0,000000;0,000000;0,000000;0,000000;0,000000;0,000000
536;609;110905;2012;0,000000;0,000000;0,000000;0,000000;0,000000;0,000000;0,000000;0,000000;0,000000;0,000000
555;628;111001;2007;0,000000;0,000000;0,000000;0,000000;0,000000;0,000000;0,000000;0,000000;0,000000;0,000000
556;629;111001;2008;0,000000;0,000000;0,000000;0,000000;0,000000;0,000000;0,000000;0,000000;0,000000;0,000000
557;630;111001;2009;0,000000;0,000000;0,000000;0,000000;0,000000;0,000000;0,000000;0,000000;0,000000;0,000000
558;631;111001;2010;0,000000;0,000000;0,000000;0,000000;0,000000;0,000000;0,000000;0,000000;0,000000;0,000000
559;632;111001;2011;0,000000;0,000000;0,000000;0,000000;0,000000;0,000000;0,000000;0,000000;0,000000;0,000000
560;633;111001;2012;0,000000;0,000000;0,000000;0,000000;0,000000;0,000000;0,000000;0,000000;0,000000;0,000000
12;16;111002;2011;2 075 900 000,000000;2 075 900 000,000000;0,000000;0,000000;0,000000;0,000000;20 759 000 000,000000;2 075 900 000,000000;0,000000;0,000000
561;634;111002;2007;0,000000;0,000000;0,000000;0,000000;0,000000;0,000000;0,000000;0,000000;0,000000;0,000000
562;635;111002;2008;0,000000;0,000000;0,000000;0,000000;0,000000;0,000000;0,000000;0,000000;0,000000;0,000000
51;110;111002;2018;0,000000;0,000000;0,000000;0,000000;0,000000;0,000000;0,000000;0,000000;0,000000;0,000000
563;636;111002;2009;0,000000;0,000000;0,000000;0,000000;0,000000;0,000000;0,000000;0,000000;0,000000;0,000000
564;637;111002;2010;0,000000;0,000000;0,000000;0,000000;0,000000;0,000000;0,000000;0,000000;0,000000;0,000000
565;639;111002;2012;0,000000;0,000000;0,000000;0,000000;0,000000;0,000000;0,000000;0,000000;0,000000;0,000000
549;622;111003;2007;0,000000;0,000000;0,000000;0,000000;0,000000;0,000000;0,000000;0,000000;0,000000;0,000000
550;623;111003;2008;0,000000;0,000000;0,000000;0,000000;0,000000;0,000000;0,000000;0,000000;0,000000;0,000000
551;624;111003;2009;0,000000;0,000000;0,000000;0,000000;0,000000;0,000000;0,000000;0,000000;0,000000;0,000000
552;625;111003;2010;0,000000;0,000000;0,000000;0,000000;0,000000;0,000000;0,000000;0,000000;0,000000;0,000000
553;626;111003;2011;0,000000;0,000000;0,000000;0,000000;0,000000;0,000000;0,000000;0,000000;0,000000;0,000000
554;627;111003;2012;0,000000;0,000000;0,000000;0,000000;0,000000;0,000000;0,000000;0,000000;0,000000;0,000000
566;640;111004;2007;0,000000;0,000000;0,000000;0,000000;0,000000;0,000000;0,000000;0,000000;0,000000;0,000000
567;641;111004;2008;0,000000;0,000000;0,000000;0,000000;0,000000;0,000000;0,000000;0,000000;0,000000;0,000000
568;642;111004;2009;0,000000;0,000000;0,000000;0,000000;0,000000;0,000000;0,000000;0,000000;0,000000;0,000000
569;643;111004;2010;0,000000;0,000000;0,000000;0,000000;0,000000;0,000000;0,000000;0,000000;0,000000;0,000000
570;644;111004;2011;0,000000;0,000000;0,000000;0,000000;0,000000;0,000000;0,000000;0,000000;0,000000;0,000000
577;651;111005;2007;0,000000;0,000000;0,000000;0,000000;0,000000;0,000000;0,000000;0,000000;0,000000;0,000000
578;652;111005;2008;0,000000;0,000000;0,000000;0,000000;0,000000;0,000000;0,000000;0,000000;0,000000;0,000000
579;653;111005;2009;0,000000;0,000000;0,000000;0,000000;0,000000;0,000000;0,000000;0,000000;0,000000;0,000000
580;654;111005;2010;0,000000;0,000000;0,000000;0,000000;0,000000;0,000000;0,000000;0,000000;0,000000;0,000000
581;655;111005;2011;0,000000;0,000000;0,000000;0,000000;0,000000;0,000000;0,000000;0,000000;0,000000;0,000000
582;656;111005;2012;0,000000;0,000000;0,000000;0,000000;0,000000;0,000000;0,000000;0,000000;0,000000;0,000000
571;645;111006;2007;0,000000;0,000000;0,000000;0,000000;0,000000;0,000000;0,000000;0,000000;0,000000;0,000000
572;646;111006;2008;0,000000;0,000000;0,000000;0,000000;0,000000;0,000000;0,000000;0,000000;0,000000;0,000000
573;647;111006;2009;0,000000;0,000000;0,000000;0,000000;0,000000;0,000000;0,000000;0,000000;0,000000;0,000000
574;648;111006;2010;0,000000;0,000000;0,000000;0,000000;0,000000;0,000000;0,000000;0,000000;0,000000;0,000000
575;649;111006;2011;0,000000;0,000000;0,000000;0,000000;0,000000;0,000000;0,000000;0,000000;0,000000;0,000000
576;650;111006;2012;0,000000;0,000000;0,000000;0,000000;0,000000;0,000000;0,000000;0,000000;0,000000;0,000000
583;657;120101;2007;0,000000;0,000000;0,000000;0,000000;0,000000;0,000000;0,000000;0,000000;0,000000;0,000000
584;658;120101;2008;0,000000;0,000000;0,000000;0,000000;0,000000;0,000000;0,000000;0,000000;0,000000;0,000000
585;659;120101;2009;0,000000;0,000000;0,000000;0,000000;0,000000;0,000000;0,000000;0,000000;0,000000;0,000000
586;660;120101;2010;0,000000;0,000000;0,000000;0,000000;0,000000;0,000000;0,000000;0,000000;0,000000;0,000000
587;661;120101;2011;0,000000;0,000000;0,000000;0,000000;0,000000;0,000000;0,000000;0,000000;0,000000;0,000000
588;662;120101;2012;0,000000;0,000000;0,000000;0,000000;0,000000;0,000000;0,000000;0,000000;0,000000;0,000000
589;663;120102;2007;0,000000;0,000000;0,000000;0,000000;0,000000;0,000000;0,000000;0,000000;0,000000;0,000000
590;664;120102;2008;0,000000;0,000000;0,000000;0,000000;0,000000;0,000000;0,000000;0,000000;0,000000;0,000000
591;665;120102;2009;0,000000;0,000000;0,000000;0,000000;0,000000;0,000000;0,000000;0,000000;0,000000;0,000000
592;666;120102;2010;0,000000;0,000000;0,000000;0,000000;0,000000;0,000000;0,000000;0,000000;0,000000;0,000000
593;667;120102;2011;0,000000;0,000000;0,000000;0,000000;0,000000;0,000000;0,000000;0,000000;0,000000;0,000000
594;668;120102;2012;0,000000;0,000000;0,000000;0,000000;0,000000;0,000000;0,000000;0,000000;0,000000;0,000000
595;669;120103;2007;0,000000;0,000000;0,000000;0,000000;0,000000;0,000000;0,000000;0,000000;0,000000;0,000000
596;670;120103;2008;0,000000;0,000000;0,000000;0,000000;0,000000;0,000000;0,000000;0,000000;0,000000;0,000000
597;671;120103;2009;0,000000;0,000000;0,000000;0,000000;0,000000;0,000000;0,000000;0,000000;0,000000;0,000000
598;672;120103;2010;0,000000;0,000000;0,000000;0,000000;0,000000;0,000000;0,000000;0,000000;0,000000;0,000000
599;673;120103;2011;0,000000;0,000000;0,000000;0,000000;0,000000;0,000000;0,000000;0,000000;0,000000;0,000000
600;674;120103;2012;0,000000;0,000000;0,000000;0,000000;0,000000;0,000000;0,000000;0,000000;0,000000;0,000000
601;675;120104;2007;0,000000;0,000000;0,000000;0,000000;0,000000;0,000000;0,000000;0,000000;0,000000;0,000000
602;676;120104;2008;0,000000;0,000000;0,000000;0,000000;0,000000;0,000000;0,000000;0,000000;0,000000;0,000000
603;677;120104;2009;0,000000;0,000000;0,000000;0,000000;0,000000;0,000000;0,000000;0,000000;0,000000;0,000000
604;678;120104;2010;0,000000;0,000000;0,000000;0,000000;0,000000;0,000000;0,000000;0,000000;0,000000;0,000000
605;679;120104;2011;0,000000;0,000000;0,000000;0,000000;0,000000;0,000000;0,000000;0,000000;0,000000;0,000000
606;680;120104;2012;0,000000;0,000000;0,000000;0,000000;0,000000;0,000000;0,000000;0,000000;0,000000;0,000000
607;681;120201;2007;0,000000;0,000000;0,000000;0,000000;0,000000;0,000000;0,000000;0,000000;0,000000;0,000000
608;682;120201;2008;0,000000;0,000000;0,000000;0,000000;0,000000;0,000000;0,000000;0,000000;0,000000;0,000000
609;683;120201;2009;0,000000;0,000000;0,000000;0,000000;0,000000;0,000000;0,000000;0,000000;0,000000;0,000000
610;684;120201;2010;0,000000;0,000000;0,000000;0,000000;0,000000;0,000000;0,000000;0,000000;0,000000;0,000000
611;685;120201;2011;0,000000;0,000000;0,000000;0,000000;0,000000;0,000000;0,000000;0,000000;0,000000;0,000000
612;686;120201;2012;0,000000;0,000000;0,000000;0,000000;0,000000;0,000000;0,000000;0,000000;0,000000;0,000000
619;693;120202;2007;0,000000;0,000000;0,000000;0,000000;0,000000;0,000000;0,000000;0,000000;0,000000;0,000000
620;694;120202;2008;0,000000;0,000000;0,000000;0,000000;0,000000;0,000000;0,000000;0,000000;0,000000;0,000000
621;695;120202;2009;0,000000;0,000000;0,000000;0,000000;0,000000;0,000000;0,000000;0,000000;0,000000;0,000000
622;696;120202;2010;0,000000;0,000000;0,000000;0,000000;0,000000;0,000000;0,000000;0,000000;0,000000;0,000000
623;697;120202;2011;0,000000;0,000000;0,000000;0,000000;0,000000;0,000000;0,000000;0,000000;0,000000;0,000000
624;698;120202;2012;0,000000;0,000000;0,000000;0,000000;0,000000;0,000000;0,000000;0,000000;0,000000;0,000000
613;687;120204;2007;0,000000;0,000000;0,000000;0,000000;0,000000;0,000000;0,000000;0,000000;0,000000;0,000000
614;688;120204;2008;0,000000;0,000000;0,000000;0,000000;0,000000;0,000000;0,000000;0,000000;0,000000;0,000000
615;689;120204;2009;0,000000;0,000000;0,000000;0,000000;0,000000;0,000000;0,000000;0,000000;0,000000;0,000000
616;690;120204;2010;0,000000;0,000000;0,000000;0,000000;0,000000;0,000000;0,000000;0,000000;0,000000;0,000000
617;691;120204;2011;0,000000;0,000000;0,000000;0,000000;0,000000;0,000000;0,000000;0,000000;0,000000;0,000000
618;692;120204;2012;0,000000;0,000000;0,000000;0,000000;0,000000;0,000000;0,000000;0,000000;0,000000;0,000000
625;699;120205;2007;0,000000;0,000000;0,000000;0,000000;0,000000;0,000000;0,000000;0,000000;0,000000;0,000000
626;700;120205;2008;0,000000;0,000000;0,000000;0,000000;0,000000;0,000000;0,000000;0,000000;0,000000;0,000000
627;701;120205;2009;0,000000;0,000000;0,000000;0,000000;0,000000;0,000000;0,000000;0,000000;0,000000;0,000000
628;702;120205;2010;0,000000;0,000000;0,000000;0,000000;0,000000;0,000000;0,000000;0,000000;0,000000;0,000000
629;703;120205;2011;0,000000;0,000000;0,000000;0,000000;0,000000;0,000000;0,000000;0,000000;0,000000;0,000000
630;704;120205;2012;0,000000;0,000000;0,000000;0,000000;0,000000;0,000000;0,000000;0,000000;0,000000;0,000000
637;711;120206;2007;0,000000;0,000000;0,000000;0,000000;0,000000;0,000000;0,000000;0,000000;0,000000;0,000000
638;712;120206;2008;0,000000;0,000000;0,000000;0,000000;0,000000;0,000000;0,000000;0,000000;0,000000;0,000000
639;713;120206;2009;0,000000;0,000000;0,000000;0,000000;0,000000;0,000000;0,000000;0,000000;0,000000;0,000000
640;714;120206;2010;0,000000;0,000000;0,000000;0,000000;0,000000;0,000000;0,000000;0,000000;0,000000;0,000000
641;715;120206;2011;0,000000;0,000000;0,000000;0,000000;0,000000;0,000000;0,000000;0,000000;0,000000;0,000000
642;716;120206;2012;0,000000;0,000000;0,000000;0,000000;0,000000;0,000000;0,000000;0,000000;0,000000;0,000000
631;705;120207;2007;0,000000;0,000000;0,000000;0,000000;0,000000;0,000000;0,000000;0,000000;0,000000;0,000000
632;706;120207;2008;0,000000;0,000000;0,000000;0,000000;0,000000;0,000000;0,000000;0,000000;0,000000;0,000000
633;707;120207;2009;0,000000;0,000000;0,000000;0,000000;0,000000;0,000000;0,000000;0,000000;0,000000;0,000000
634;708;120207;2010;0,000000;0,000000;0,000000;0,000000;0,000000;0,000000;0,000000;0,000000;0,000000;0,000000
635;709;120207;2011;0,000000;0,000000;0,000000;0,000000;0,000000;0,000000;0,000000;0,000000;0,000000;0,000000
636;710;120207;2012;0,000000;0,000000;0,000000;0,000000;0,000000;0,000000;0,000000;0,000000;0,000000;0,000000
643;717;120208;2007;0,000000;0,000000;0,000000;0,000000;0,000000;0,000000;0,000000;0,000000;0,000000;0,000000
644;718;120208;2008;0,000000;0,000000;0,000000;0,000000;0,000000;0,000000;0,000000;0,000000;0,000000;0,000000
645;719;120208;2009;0,000000;0,000000;0,000000;0,000000;0,000000;0,000000;0,000000;0,000000;0,000000;0,000000
646;720;120208;2010;0,000000;0,000000;0,000000;0,000000;0,000000;0,000000;0,000000;0,000000;0,000000;0,000000
647;721;120208;2011;0,000000;0,000000;0,000000;0,000000;0,000000;0,000000;0,000000;0,000000;0,000000;0,000000
648;722;120208;2012;0,000000;0,000000;0,000000;0,000000;0,000000;0,000000;0,000000;0,000000;0,000000;0,000000
651;725;130105;2011;0,000000;2 345 656,000000;0,000000;445 655 964,000000;0,000000;0,000000;0,000000;0,000000;456 456,000000;0,000000
45;101;130106;2012;366 509 270,000000;402 591 288,000000;251 743 362,000000;251 835 886,000000;149 675 073,000000;128 159 824,000000;402 591 288,000000;330 427 252,000000;402 591 288,000000;366 509 270,000000
46;102;130106;2013;427 483 368,000000;554 438 100,000000;349 209 100,000000;280 750 158,000000;205 229 856,000000;146 733 210,000000;554 438 100,000000;392 114 077,000000;554 438 100,000000;427 483 368,000000
47;103;130106;2014;422 680 843,000000;621 198 958,000000;394 976 600,000000;390 698 810,000000;97 982 033,000000;199 722 264,000000;621 198 958,000000;392 286 691,000000;621 198 958,000000;422 680 843,000000
48;104;130109;2011;152 759 699,000000;257 095 699,000000;142 095 500,000000;84 193 309,000000;115 000 199,000000;68 566 390,000000;257 095 699,000000;152 192 463,000000;257 095 699,000000;152 759 699,000000
49;105;130109;2012;256 247 436,000000;346 481 483,000000;238 661 483,000000;148 527 436,000000;107 820 000,000000;107 720 000,000000;346 481 483,000000;255 557 504,000000;346 481 483,000000;256 247 436,000000
50;106;130109;2013;123 764 755,000000;363 496 857,000000;164 733 756,000000;74 906 155,000000;198 763 101,000000;48 858 600,000000;363 496 857,000000;123 332 922,000000;363 496 857,000000;123 764 755,000000
23;65;130311;2010;320 942 404,000000;389 912 432,000000;389 912 432,000000;320 942 404,000000;184 325 198,000000;146 030 972,000000;389 912 342,000000;310 030 972,000000;389 912 432,000000;320 942 404,000000
35;77;130311;2011;375 198 316,000000;722 826 349,000000;722 826 349,000000;375 198 316,000000;360 101 894,000000;160 053 444,000000;722 826 349,000000;374 171 029,000000;722 826 349,000000;375 198 316,000000
36;78;130311;2012;500 000 000,000000;779 827 189,000000;710 293 247,000000;470 000 000,000000;451 348 970,000000;306 676 501,000000;779 827 189,000000;493 273 746,000000;779 827 189,000000;500 000 000,000000
14;19;130606;2010;555 439 915,000000;521 984 052,000000;327 417 787,000000;365 324 300,000000;194 566 268,000000;190 115 615,000000;521 984 052,000000;488 577 514,000000;521 984 052,000000;555 439 915,000000
16;21;130606;2011;820 188 800,000000;890 188 800,000000;485 887 948,000000;448 571 786,000000;404 300 852,000000;367 595 556,000000;890 188 800,000000;816 167 342,000000;890 188 800,000000;820 188 800,000000
17;22;130606;2012;794 180 243,000000;942 497 227,000000;456 692 781,000000;435 707 071,000000;485 804 446,000000;358 473 172,000000;0,000000;0,000000;0,000000;0,000000
52;112;130606;2013;0,000000;0,000000;0,000000;0,000000;0,000000;0,000000;0,000000;0,000000;0,000000;0,000000
27;69;140203;2012;1 391 280 000,000000;1 391 280 000,000000;0,000000;0,000000;0,000000;0,000000;0,000000;0,000000;0,000000;0,000000
28;70;140203;2013;1 433 018 000,000000;1 433 018 000,000000;0,000000;0,000000;0,000000;0,000000;0,000000;0,000000;0,000000;0,000000
29;71;140203;2014;1 476 008 952,000000;1 476 008 952,000000;0,000000;0,000000;0,000000;0,000000;0,000000;0,000000;0,000000;0,000000
30;72;140203;2015;1 520 289 221,000000;1 520 289 221,000000;0,000000;0,000000;0,000000;0,000000;0,000000;0,000000;0,000000;0,000000
653;727;140304;2007;0,000000;0,000000;0,000000;0,000000;0,000000;0,000000;0,000000;48 974 266,000000;0,000000;51 369 265,000000
654;728;140304;2008;0,000000;0,000000;0,000000;0,000000;0,000000;0,000000;0,000000;50 085 895,000000;0,000000;74 293 389,000000
655;729;140304;2009;0,000000;0,000000;0,000000;0,000000;0,000000;0,000000;0,000000;53 064 274,000000;0,000000;78 037 969,000000
41;88;140306;2007;23 278 454,000000;25 705 750,000000;0,000000;0,000000;0,000000;0,000000;25 705 750,000000;23 238 279,000000;25 705 750,000000;23 278 454,000000
42;89;140306;2008;28 305 668,000000;33 598 259,000000;0,000000;0,000000;0,000000;0,000000;33 596 259,000000;28 287 918,000000;33 598 259,000000;28 305 668,000000
43;90;140306;2009;22 758 599,000000;42 452 700,000000;0,000000;0,000000;0,000000;0,000000;42 452 700,000000;22 742 214,000000;42 452 700,000000;22 758 599,000000
20;32;170101;2014;563 564 175,000000;563 564 175,000000;0,000000;0,000000;0,000000;0,000000;0,000000;0,000000;156 175 000,000000;0,000000
38;85;170104;2009;284 685 172,000000;420 944 239,000000;414 449 946,000000;282 250 879,000000;6 494 293,000000;2 434 293,000000;0,000000;284 511 708,000000;420 944 239,000000;284 685 172,000000
39;87;170104;2008;264 951 193,000000;0,000000;0,000000;0,000000;0,000000;0,000000;0,000000;262 709 754,000000;0,000000;264 951 193,000000
40;86;170104;2007;251 586 567,000000;0,000000;0,000000;0,000000;0,000000;0,000000;0,000000;247 990 451,000000;0,000000;251 586 567,000000
31;73;170201;2009;330 227 460,000000;330 227 460,000000;206 638 091,000000;206 638 091,000000;123 589 369,000000;123 589 369,000000;386 998 958,000000;386 998 958,000000;206 638 091,000000;206 638 091,000000
32;74;170201;2010;495 142 060,000000;495 142 060,000000;177 223 887,000000;177 223 887,000000;317 918 173,000000;317 918 173,000000;521 436 109,000000;521 436 109,000000;495 142 060,000000;495 142 060,000000
33;75;170201;2011;402 287 709,000000;402 287 709,000000;219 505 037,000000;219 505 037,000000;182 782 672,000000;182 782 672,000000;439 646 000,000000;439 646 000,000000;402 287 709,000000;402 287 709,000000
652;726;170504;2015;0,000000;125 555 555,000000;0,000000;0,000000;0,000000;0,000000;0,000000;0,000000;0,000000;0,000000
37;79;170505;2008;0,000000;0,000000;0,000000;0,000000;0,000000;0,000000;0,000000;0,000000;0,000000;0,000000
4;4;170506;2008;110 172 662,000000;0,000000;72 372 662,000000;62 329 389,000000;37 800 000,000000;25 072 567,000000;110 172 662,000000;87 401 956,000000;110 172 662,000000;116 991 112,000000
5;5;170506;2009;266 433 310,000000;0,000000;125 413 454,000000;76 142 515,000000;141 019 856,000000;7 755 199,000000;266 433 310,000000;83 897 714,000000;266 433 310,000000;87 815 104,000000
6;6;170506;2010;362 783 907,000000;0,000000;209 083 407,000000;66 664 400,000000;153 700 500,000000;472 861 996,000000;362 783 907,000000;499 606 543,000000;362 783 907,000000;0,000000
19;59;180103;2010;0,000000;671 168 450,000000;521 628 000,000000;0,000000;143 610 138,000000;0,000000;671 168 450,000000;0,000000;665 238 138,000000;0,000000
21;60;180103;2011;0,000000;358 868 603,000000;214 000 000,000000;0,000000;144 868 603,000000;0,000000;358 868 603,000000;0,000000;358 868 603,000000;0,000000
22;61;180103;2012;0,000000;542 864 379,000000;214 000 000,000000;0,000000;144 868 603,000000;0,000000;542 864 289,000000;0,000000;542 864 379,000000;0,000000
7;7;180401;2005;138 900 610,000000;188 878 865,000000;0,000000;0,000000;0,000000;0,000000;0,000000;0,000000;0,000000;0,000000
8;8;180401;2006;218 636 177,000000;248 974 732,000000;0,000000;0,000000;0,000000;0,000000;0,000000;0,000000;0,000000;0,000000
9;9;180401;2007;261 120 493,000000;299 460 805,000000;0,000000;0,000000;0,000000;0,000000;0,000000;0,000000;0,000000;0,000000
10;10;180401;2008;209 231 171,000000;379 869 766,000000;0,000000;0,000000;0,000000;0,000000;0,000000;0,000000;0,000000;0,000000
