NEnr;ID_Source;ID_Finance;IDTFinance;Provenance;DateDebut;DateFin;MontantPrevu;MontantRealise;Observation
514;514;236;RECETTES;;01/01/2012;30/06/2012;20 235 510,000000;20 235 510,000000;
707;707;431;RECETTES;;01/01/2007;31/12/2007;26 396 332,000000;26 396 332,000000;
708;708;432;RECETTES;;01/01/2008;31/12/2008;19 990 328,000000;19 990 328,000000;
134;134;60;DEPENSES;Acquisition         immobilisation corporelles en cours;;;22 500 000,000000;22 500 000,000000;
135;135;60;DEPENSES;Acquisition         immobilisation corporelles en cours;;;87 000 000,000000;87 000 000,000000;
159;159;61;DEPENSES;Acquisition         immobilisation corporelles en cours;;;54 773 310,000000;54 773 310,000000;
161;161;61;DEPENSES;Acquisition des terrains;;;8 000 000,000000;8 000 000,000000;
747;747;129;INVESTISSEMENT;Acquisition immobilisation corporelles en cours;01/01/2012;31/12/2012;105 650 000,000000;0,000000;
345;345;91;INVESTISSEMENT;Agencements  et amenagements;01/01/2011;31/12/2011;10 000 000,000000;0,000000;
110;110;59;DEPENSES;Agencements  et amenagements;;;158 128 000,000000;158 128 000,000000;
133;133;60;DEPENSES;Agencements  et amenagements;;;38 000 000,000000;38 000 000,000000;
157;157;61;DEPENSES;Agencements  et amenagements;;;71 000 000,000000;71 000 000,000000;
748;748;129;INVESTISSEMENT;Agencements  et amenagements;01/01/2012;31/12/2012;10 000 000,000000;0,000000;
762;762;461;INVESTISSEMENT;Agencements  et amenagements;01/01/2013;31/12/2013;41 500 000,000000;0,000000;
57;57;6;;Amende de simple police ;;;0,000000;83 000,000000;
244;244;75;DEPENSES;Amortissement des immobilisations corporelles;01/01/2011;31/12/2011;137 625 350,000000;137 625 350,000000;
356;356;104;FONCTIONNEMENT;Appui e l'autorite Administratives;01/01/2011;31/12/2011;6 700 000,000000;4 600 000,000000;
372;372;105;FONCTIONNEMENT;Appui e l'autorite Administratives;01/01/2012;31/12/2012;6 700 000,000000;4 390 000,000000;
388;388;106;FONCTIONNEMENT;Appui e l'autorite Administratives;01/01/2013;31/12/2013;6 700 000,000000;4 161 560,000000;
225;225;73;DEPENSES;Appui e l'autorite Administratives;01/01/2009;31/12/2009;6 250 000,000000;6 250 000,000000;
236;236;74;DEPENSES;Appui e l'autorite Administratives;01/01/2010;31/12/2010;2 560 000,000000;2 560 000,000000;
247;247;75;DEPENSES;Appui e l'autorite Administratives;01/01/2011;31/12/2011;6 100 000,000000;6 100 000,000000;
341;341;91;FONCTIONNEMENT;Autres    charges    et    pertes diverses;01/01/2011;31/12/2011;21 174 464,000000;0,000000;
106;106;59;DEPENSES;Autres    charges    et    pertes diverses;;;15 689 984,000000;15 689 984,000000;
128;128;60;DEPENSES;Autres    charges    et    pertes diverses;;;34 545 968,000000;34 545 968,000000;
152;152;61;DEPENSES;Autres    charges    et    pertes diverses;;;31 845 968,000000;31 845 968,000000;
218;218;73;DEPENSES;Autres    charges    et    pertes diverses;01/01/2009;31/12/2009;49 299 969,000000;49 299 969,000000;
232;232;74;DEPENSES;Autres    charges    et    pertes diverses;01/01/2010;31/12/2010;19 997 250,000000;19 997 250,000000;
241;241;75;DEPENSES;Autres    charges    et    pertes diverses;01/01/2011;31/12/2011;42 760 000,000000;42 760 000,000000;
344;344;91;INVESTISSEMENT;Autres  immobilisations corporelles;01/01/2011;31/12/2011;112 050 000,000000;0,000000;
109;109;59;DEPENSES;Autres  immobilisations corporelles;;;39 900 000,000000;39 900 000,000000;
132;132;60;DEPENSES;Autres  immobilisations corporelles;;;5 000 000,000000;5 000 000,000000;
156;156;61;DEPENSES;Autres  immobilisations corporelles;;;84 500 000,000000;84 500 000,000000;
222;222;73;DEPENSES;Autres  immobilisations corporelles;01/01/2009;31/12/2009;104 977 460,000000;104 977 460,000000;
234;234;74;DEPENSES;Autres  immobilisations corporelles;01/01/2010;31/12/2010;334 560 903,000000;334 560 903,000000;
761;761;461;INVESTISSEMENT;Autres  immobilisations corporelles;01/01/2013;31/12/2013;67 050 000,000000;0,000000;
175;175;73;RECETTES;Autres dettes;01/01/2009;31/12/2009;18 000 000,000000;18 000 000,000000;
192;192;74;RECETTES;Autres dettes;01/01/2010;31/10/2010;2 000 000,000000;2 000 000,000000;
210;210;75;RECETTES;Autres dettes;01/01/2011;31/12/2011;1 000 000,000000;1 000 000,000000;
313;313;62;DEPENSES;Autres depenses;01/01/2011;31/12/2011;11 078 675,000000;11 078 675,000000;
317;317;63;DEPENSES;Autres depenses;01/01/2012;31/12/2012;19 578 310,000000;19 578 310,000000;
321;321;64;DEPENSES;Autres depenses;01/01/2013;31/12/2013;13 155 120,000000;13 155 120,000000;
325;325;85;RECETTES;Autres produits et profits divers;01/01/2009;31/12/2009;4 800 000,000000;1 903 650,000000;
170;170;73;RECETTES;Autres produits et profits divers;01/01/2009;31/12/2009;1 400 000,000000;1 400 000,000000;
186;186;74;RECETTES;Autres produits et profits divers;01/01/2010;31/12/2010;1 300 000,000000;1 300 000,000000;
204;204;75;RECETTES;Autres produits et profits divers;01/01/2011;31/12/2011;4 398 780,000000;4 398 780,000000;
744;744;129;FONCTIONNEMENT;Autres produits et profits divers;01/01/2012;31/12/2012;22 574 464,000000;0,000000;
758;758;461;FONCTIONNEMENT;Autres produits et profits divers;01/01/2013;31/12/2013;26 677 184,000000;0,000000;
336;336;91;FONCTIONNEMENT;Autres services consommes;01/01/2011;31/12/2011;18 900 000,000000;0,000000;
101;101;59;DEPENSES;Autres services consommes;;;18 200 000,000000;18 200 000,000000;
122;122;60;DEPENSES;Autres services consommes;;;44 490 000,000000;44 490 000,000000;
147;147;61;DEPENSES;Autres services consommes;;;30 139 312,000000;30 139 312,000000;
739;739;129;FONCTIONNEMENT;Autres services consommes;01/01/2012;31/12/2012;22 641 252,000000;0,000000;
753;753;461;FONCTIONNEMENT;Autres services consommes;01/01/2013;31/12/2013;36 400 000,000000;0,000000;
257;257;74;RECETTES;Autres taxes fiscales;01/01/2010;31/12/2010;8 000 000,000000;8 000 000,000000;
266;266;75;RECETTES;Autres taxes fiscales;01/01/2011;31/12/2011;10 000 000,000000;10 000 000,000000;
166;166;73;RECETTES;Autres taxes fiscales;01/01/2009;31/12/2009;8 000 000,000000;8 000 000,000000;
136;136;60;DEPENSES;Avances    et    acomptes    sur commandes   de   materiel   en cours;;;5 000 000,000000;5 000 000,000000;
160;160;61;DEPENSES;Avances    et    acomptes    sur commandes   de   materiel   en cours;;;3 000 000,000000;3 000 000,000000;
2;2;70;RECETTES;BIP;01/01/2013;31/12/2013;851 864 350,000000;851 864 350,000000;
6;6;69;RECETTES;BIP;01/01/2012;31/12/2012;637 850 000,000000;637 850 000,000000;
13;13;72;RECETTES;BIP;01/01/2015;31/12/2015;1 027 868 189,000000;1 027 868 189,000000;
16;16;71;RECETTES;BIP;01/01/2014;31/12/2014;997 930 281,000000;997 930 281,000000;
62;62;16;RECETTES;BIP;01/01/2011;31/12/2011;0,000000;109 000 000,000000;"50 000 000   CSI Fakele, 20 000 000   Marche de Mekomo ,
16 000 000   Salles de classes, 8 000 000   Forage de Nkolnyama,
15 000 000   CSI Urbain Ne 1  
Programmation des investissements "
334;334;91;FONCTIONNEMENT;Biens et services consommes ;01/01/2011;31/12/2011;30 913 301,000000;0,000000; Les biens et services consommees ainsi que les frais du personnel sont la principale prevision de fonctionnement.
99;99;59;DEPENSES;Biens et services consommes ;;;29 730 000,000000;29 730 000,000000;
120;120;60;DEPENSES;Biens et services consommes ;;;36 680 000,000000;36 680 000,000000;
145;145;61;DEPENSES;Biens et services consommes ;;;22 400 000,000000;22 400 000,000000;
731;731;129;FONCTIONNEMENT;Biens et services consommes ;01/01/2012;31/12/2012;30 913 301,000000;0,000000;
751;751;461;FONCTIONNEMENT;Biens et services consommes ;01/01/2013;31/12/2013;42 300 000,000000;0,000000;
3;3;70;RECETTES;Budget Communal;01/01/2013;31/12/2013;172 464 625,000000;172 464 625,000000;
8;8;69;RECETTES;Budget Communal;01/01/2012;31/12/2012;72 840 000,000000;72 840 000,000000;
14;14;72;RECETTES;Budget Communal;01/01/2015;31/12/2015;245 030 371,000000;245 030 371,000000;
17;17;71;RECETTES;Budget Communal;01/01/2014;31/12/2014;237 893 564,000000;237 893 564,000000;
58;58;14;RECETTES;Budget Communal;01/01/2014;31/12/2014;0,000000;270 000 000,000000;"Recouvrement
66% fonctionnement et 33 % d'investissement "
87;87;44;RECETTES;Budget Communal;01/01/2007;31/12/2007;70 000 000,000000;70 000 000,000000;
88;88;57;RECETTES;Budget Communal;01/01/2008;31/12/2008;72 000 000,000000;72 000 000,000000;
89;89;58;RECETTES;Budget Communal;01/01/2009;31/12/2009;98 000 000,000000;98 000 000,000000;
361;361;104;INVESTISSEMENT;Betiments;01/01/2011;31/12/2011;123 170 000,000000;44 301 067,000000;
377;377;105;INVESTISSEMENT;Betiments;01/01/2012;31/12/2012;118 871 047,000000;106 050 169,000000;
393;393;106;INVESTISSEMENT;Betiments;01/01/2013;31/12/2013;142 657 802,000000;9 270 000,000000;
512;512;234;RECETTES;CAC;01/01/2010;31/12/2010;24 718 107,000000;24 718 107,000000;
1024;1024;708;RECETTES;CAC;01/01/2010;31/12/2010;30 922 319,000000;30 922 319,000000;
513;513;235;RECETTES;CAC;01/01/2011;31/12/2011;22 699 243,000000;22 699 243,000000;
1025;1025;709;RECETTES;CAC;01/01/2011;31/12/2011;29 007 385,000000;29 007 385,000000;
770;770;129;RECETTES;CAC;01/01/2012;31/12/2012;48 720 000,000000;0,000000;
1026;1026;710;RECETTES;CAC;01/01/2012;30/06/2012;22 428 592,000000;22 428 592,000000;
515;515;237;RECETTES;CAC;01/01/2007;31/12/2007;30 552 106,000000;30 552 106,000000;
1027;1027;711;RECETTES;CAC;01/01/2007;31/12/2007;26 974 355,000000;26 974 355,000000;
516;516;238;RECETTES;CAC;01/01/2008;31/12/2008;35 992 318,000000;35 992 318,000000;
1028;1028;712;RECETTES;CAC;01/01/2008;31/12/2008;20 428 073,000000;20 428 073,000000;
517;517;239;RECETTES;CAC;01/01/2009;31/12/2009;39 116 216,000000;39 116 216,000000;
1029;1029;713;RECETTES;CAC;01/01/2009;31/12/2009;22 201 095,000000;22 201 095,000000;
518;518;240;RECETTES;CAC;01/01/2010;31/12/2010;71 754 519,000000;71 754 519,000000;
1030;1030;714;RECETTES;CAC;01/01/2010;31/12/2010;40 725 538,000000;40 725 538,000000;
519;519;241;INVESTISSEMENT;CAC;01/01/2011;31/12/2011;74 612 922,000000;74 612 922,000000;
1031;1031;715;RECETTES;CAC;01/01/2011;31/12/2011;52 003 377,000000;52 003 377,000000;
520;520;242;RECETTES;CAC;01/01/2012;29/06/2012;45 767 027,000000;45 767 027,000000;
776;776;461;RECETTES;CAC;01/01/2013;31/12/2013;66 997 468,000000;0,000000;
1032;1032;716;RECETTES;CAC;01/01/2012;30/06/2012;34 196 693,000000;34 196 693,000000;
9;9;73;RECETTES;CAC;01/01/2009;31/12/2009;75 000 000,000000;75 000 000,000000;
521;521;243;RECETTES;CAC;01/01/2007;31/12/2007;144 505 469,000000;144 505 469,000000;
777;777;462;RECETTES;CAC;01/01/2007;31/12/2007;9 633 697,000000;9 633 697,000000;
1033;1033;717;RECETTES;CAC;01/01/2007;31/12/2007;23 120 875,000000;23 120 875,000000;
522;522;244;RECETTES;CAC;01/01/2008;31/12/2008;109 436 101,000000;109 436 101,000000;
778;778;463;RECETTES;CAC;01/01/2008;31/12/2008;7 295 740,000000;7 295 740,000000;
1034;1034;718;RECETTES;CAC;01/01/2008;31/12/2008;17 509 777,000000;17 509 777,000000;
523;523;245;RECETTES;CAC;01/01/2009;31/12/2009;118 934 440,000000;118 934 440,000000;
779;779;464;RECETTES;CAC;01/01/2009;31/12/2009;1 928 963,000000;1 928 963,000000;
1035;1035;719;RECETTES;CAC;01/01/2009;31/12/2009;19 029 511,000000;19 029 511,000000;
524;524;246;RECETTES;CAC;01/01/2010;31/12/2010;218 172 525,000000;218 172 525,000000;
780;780;465;RECETTES;CAC;01/01/2010;31/12/2010;14 544 835,000000;14 544 835,000000;
1036;1036;720;RECETTES;CAC;01/01/2010;31/12/2010;34 907 605,000000;34 907 605,000000;
525;525;247;RECETTES;CAC;01/01/2011;31/12/2011;184 845 697,000000;184 845 697,000000;
781;781;466;RECETTES;CAC;01/01/2011;31/12/2011;22 079 823,000000;22 079 823,000000;
1037;1037;721;RECETTES;CAC;01/01/2011;31/12/2011;53 151 752,000000;53 151 752,000000;
526;526;248;RECETTES;CAC;01/01/2012;30/06/2012;102 178 170,000000;102 178 170,000000;
782;782;467;RECETTES;CAC;01/01/2012;30/06/2012;18 883 444,000000;18 883 444,000000;
1038;1038;722;RECETTES;CAC;01/01/2012;30/06/2012;34 784 367,000000;34 784 367,000000;
527;527;249;RECETTES;CAC;01/01/2007;31/12/2007;7 874 585,000000;78 745 858,000000;
783;783;468;RECETTES;CAC;01/01/2007;31/12/2007;34 893 255,000000;34 893 255,000000;
528;528;250;RECETTES;CAC;01/01/2008;31/12/2008;5 963 538,000000;5 963 538,000000;
784;784;469;RECETTES;CAC;01/01/2008;31/12/2008;26 425 169,000000;26 425 169,000000;
529;529;251;RECETTES;CAC;01/01/2009;31/12/2009;6 481 135,000000;6 481 135,000000;
785;785;470;RECETTES;CAC;01/01/2009;31/12/2009;28 718 703,000000;28 718 703,000000;
274;274;65;RECETTES;CAC;01/01/2010;31/12/2010;188 199 431,000000;183 122 553,000000;
530;530;252;RECETTES;CAC;01/01/2010;31/12/2010;11 888 949,000000;11 888 949,000000;
786;786;471;RECETTES;CAC;01/01/2010;31/12/2010;52 681 393,000000;52 681 393,000000;
531;531;253;RECETTES;CAC;01/01/2011;31/12/2011;22 242 307,000000;22 242 307,000000;
787;787;472;RECETTES;CAC;01/01/2011;31/12/2011;78 701 390,000000;78 701 390,000000;
532;532;254;RECETTES;CAC;01/01/2012;30/06/2012;18 966 594,000000;18 966 594,000000;
788;788;473;RECETTES;CAC;01/01/2012;31/12/2012;47 859 284,000000;47 859 284,000000;
533;533;255;RECETTES;CAC;01/01/2007;31/12/2007;14 450 547,000000;14 450 547,000000;
789;789;474;RECETTES;CAC;01/01/2007;31/12/2007;19 267 397,000000;19 267 397,000000;
534;534;256;RECETTES;CAC;01/01/2008;31/12/2008;10 943 610,000000;10 943 610,000000;
790;790;475;RECETTES;CAC;01/01/2008;31/12/2008;14 591 481,000000;14 591 481,000000;
535;535;257;RECETTES;CAC;01/01/2009;31/12/2009;11 893 444,000000;11 893 444,000000;
791;791;476;RECETTES;CAC;01/01/2009;31/12/2009;15 857 925,000000;15 857 925,000000;
536;536;258;RECETTES;CAC;01/01/2010;31/12/2010;21 817 252,000000;21 817 250,000000;
792;792;477;RECETTES;CAC;01/01/2010;31/12/2010;29 089 670,000000;29 089 670,000000;
537;537;259;RECETTES;CAC;01/01/2011;31/12/2011;27 362 775,000000;27 362 775,000000;
793;793;478;RECETTES;CAC;01/01/2011;31/12/2011;30 226 022,000000;30 226 022,000000;
538;538;260;RECETTES;CAC;01/01/2012;30/06/2012;21 586 971,000000;21 586 971,000000;
794;794;479;RECETTES;CAC;01/01/2012;30/06/2012;23 052 224,000000;23 052 224,000000;
539;539;261;RECETTES;CAC;01/01/2007;31/12/2007;130 162 475,000000;130 162 475,000000;
795;795;480;RECETTES;CAC;01/01/2007;31/12/2007;29 810 515,000000;29 810 515,000000;
540;540;262;RECETTES;CAC;01/01/2008;31/12/2008;101 617 255,000000;101 617 255,000000;
796;796;481;RECETTES;CAC;01/01/2008;31/12/2008;22 575 938,000000;22 575 938,000000;
541;541;263;RECETTES;CAC;01/01/2009;31/12/2009;26 254 380,000000;26 254 380,000000;
797;797;482;RECETTES;CAC;01/01/2009;31/12/2009;24 535 382,000000;24 535 382,000000;
286;286;77;RECETTES;CAC;01/01/2011;31/12/2011;330 000 000,000000;211 508 742,000000;
542;542;264;RECETTES;CAC;01/01/2010;31/12/2010;48 160 858,000000;48 160 858,000000;
798;798;483;RECETTES;CAC;01/01/2010;31/12/2010;45 007 538,000000;45 007 538,000000;
543;543;265;RECETTES;CAC;01/01/2011;31/12/2011;57 815 506,000000;57 815 506,000000;
799;799;484;RECETTES;CAC;01/01/2011;31/12/2011;47 280 339,000000;47 280 339,000000;
544;544;266;RECETTES;CAC;01/01/2012;30/06/2012;37 171 024,000000;37 171 024,000000;
800;800;485;RECETTES;CAC;01/01/2012;30/06/2012;31 779 698,000000;31 779 698,000000;
545;545;267;RECETTES;CAC;01/01/2007;31/12/2007;19 072 796,000000;19 072 796,000000;
801;801;44;RECETTES;CAC;01/01/2007;31/12/2007;37 047 350,000000;37 047 350,000000;
546;546;268;RECETTES;CAC;01/01/2008;31/12/2008;14 444 106,000000;14 444 106,000000;
802;802;57;RECETTES;CAC;01/01/2008;31/12/2008;28 056 496,000000;28 056 496,000000;
547;547;269;RECETTES;CAC;01/01/2009;31/12/2009;15 697 760,000000;15 697 760,000000;
803;803;58;RECETTES;CAC;01/01/2009;31/12/2009;30 491 619,000000;30 491 619,000000;
548;548;270;RECETTES;CAC;01/01/2010;31/12/2010;28 795 865,000000;28 795 865,000000;
804;804;487;RECETTES;CAC;01/01/2010;31/12/2010;55 933 618,000000;55 933 618,000000;
549;549;271;RECETTES;CAC;01/01/2011;31/12/2011;36 582 692,000000;36 582 692,000000;
805;805;488;RECETTES;CAC;01/01/2011;31/12/2011;56 122 589,000000;56 122 589,000000;
550;550;272;RECETTES;CAC;01/01/2012;30/06/2012;26 305 223,000000;26 305 223,000000;
806;806;489;RECETTES;CAC;01/01/2012;30/06/2012;36 304 681,000000;36 304 681,000000;
551;551;273;RECETTES;CAC;01/01/2007;31/12/2007;62 118 085,000000;62 118 085,000000;
807;807;490;RECETTES;CAC;01/01/2007;31/12/2007;32 754 574,000000;32 754 574,000000;
552;552;274;RECETTES;CAC;01/01/2008;31/12/2008;47 042 932,000000;47 042 932,000000;
808;808;491;RECETTES;CAC;01/01/2008;31/12/2008;24 805 518,000000;24 805 518,000000;
553;553;275;RECETTES;CAC;01/01/2009;31/12/2009;51 125 951,000000;51 125 951,000000;
809;809;492;RECETTES;CAC;01/01/2009;31/12/2009;26 958 473,000000;26 958 473,000000;
554;554;276;RECETTES;CAC;01/01/2010;31/12/2010;93 785 097,000000;93 785 097,000000;
810;810;493;RECETTES;CAC;01/01/2010;31/12/2010;49 452 439,000000;49 452 439,000000;
299;299;78;RECETTES;CAC;01/01/2012;31/12/2012;280 000 000,000000;234 299 987,000000;
555;555;277;RECETTES;CAC;01/01/2011;31/12/2011;77 001 888,000000;77 001 888,000000;
811;811;494;RECETTES;CAC;01/01/2011;31/12/2011;42 109 370,000000;42 109 370,000000;
556;556;278;RECETTES;CAC;01/01/2012;30/06/2012;46 989 570,000000;46 989 570,000000;
812;812;495;RECETTES;CAC;01/01/2012;30/06/2012;29 133 476,000000;29 133 476,000000;
557;557;279;RECETTES;CAC;01/01/2007;31/12/2007;131 322 371,000000;131 322 371,000000;
813;813;496;RECETTES;CAC;01/01/2007;31/12/2007;71 109 688,000000;71 109 688,000000;
558;558;280;RECETTES;CAC;01/01/2008;31/12/2008;102 495 661,000000;102 495 661,000000;
814;814;497;RECETTES;CAC;01/01/2008;31/12/2008;89 516 606,000000;89 516 606,000000;
559;559;281;RECETTES;CAC;01/01/2009;31/12/2009;27 209 028,000000;27 209 028,000000;
815;815;498;RECETTES;CAC;01/01/2010;31/12/2010;149 645 645,000000;149 645 645,000000;
560;560;282;RECETTES;CAC;01/01/2010;31/12/2010;49 912 056,000000;49 912 056,000000;
816;816;499;RECETTES;CAC;01/01/2011;31/12/2011;190 851 684,000000;190 851 684,000000;
561;561;283;RECETTES;CAC;01/01/2011;31/12/2011;55 007 152,000000;55 007 152,000000;
817;817;500;RECETTES;CAC;01/01/2012;31/12/2012;121 832 963,000000;121 832 963,000000;
562;562;284;RECETTES;CAC;01/01/2012;30/06/2012;35 733 860,000000;35 733 860,000000;
818;818;501;RECETTES;CAC;01/01/2008;31/12/2008;46 616 324,000000;46 616 324,000000;
563;563;285;RECETTES;CAC;01/01/2007;31/12/2007;11 040 217,000000;11 040 217,000000;
819;819;502;RECETTES;CAC;01/01/2009;31/12/2009;58 683 074,000000;58 683 074,000000;
564;564;286;RECETTES;CAC;01/01/2008;31/12/2008;8 360 918,000000;8 360 918,000000;
820;820;503;RECETTES;CAC;01/01/2010;31/12/2010;98 100 977,000000;98 100 977,000000;
565;565;287;RECETTES;CAC;01/01/2009;31/12/2009;9 086 591,000000;9 086 591,000000;
821;821;504;RECETTES;CAC;01/01/2011;31/12/2011;165 278 632,000000;165 278 632,000000;
566;566;288;RECETTES;CAC;01/01/2010;31/12/2010;16 668 381,000000;16 668 381,000000;
822;822;505;RECETTES;CAC;01/01/2012;30/06/2012;105 419 307,000000;105 419 307,000000;
567;567;289;RECETTES;CAC;01/01/2011;31/12/2011;25 101 163,000000;25 101 163,000000;
823;823;507;RECETTES;CAC;01/01/2008;31/12/2008;60 881 039,000000;60 881 039,000000;
568;568;290;RECETTES;CAC;01/01/2012;30/06/2012;20 429 600,000000;20 429 600,000000;
824;824;508;RECETTES;CAC;01/01/2009;31/12/2009;76 640 246,000000;76 640 246,000000;
569;569;291;RECETTES;CAC;01/01/2007;31/12/2007;28 901 094,000000;28 901 094,000000;
825;825;509;RECETTES;CAC;01/01/2010;31/12/2010;128 120 130,000000;128 120 130,000000;
570;570;292;RECETTES;CAC;01/01/2008;31/12/2008;21 887 220,000000;21 887 220,000000;
826;826;510;RECETTES;CAC;01/01/2011;31/12/2011;172 330 392,000000;172 330 392,000000;
571;571;293;RECETTES;CAC;01/01/2009;31/12/2009;23 786 888,000000;23 786 888,000000;
827;827;511;RECETTES;CAC;01/01/2012;30/06/2012;110 642 096,000000;110 642 096,000000;
572;572;294;RECETTES;CAC;01/01/2010;31/12/2010;43 634 505,000000;43 634 505,000000;
828;828;512;RECETTES;CAC;01/01/2008;31/12/2008;81 564 208,000000;81 564 208,000000;
573;573;295;RECETTES;CAC;01/01/2011;31/12/2011;31 965 048,000000;31 965 048,000000;
829;829;513;RECETTES;CAC;01/01/2009;31/12/2009;102 677 302,000000;102 677 302,000000;
574;574;296;RECETTES;CAC;01/01/2012;30/06/2012;23 942 164,000000;23 942 164,000000;
830;830;514;RECETTES;CAC;01/01/2010;31/12/2010;171 646 492,000000;171 646 492,000000;
575;575;297;RECETTES;CAC;01/01/2007;31/12/2007;42 388 271,000000;42 388 271,000000;
831;831;515;RECETTES;CAC;01/01/2011;31/12/2011;315 513 954,000000;315 513 954,000000;
576;576;299;RECETTES;CAC;01/01/2008;31/12/2008;32 101 256,000000;32 101 256,000000;
832;832;516;RECETTES;CAC;01/01/2012;30/06/2012;197 155 944,000000;197 155 944,000000;
65;65;32;RECETTES;CAC;01/01/2014;31/12/2014;130 000 000,000000;130 000 000,000000;
577;577;300;RECETTES;CAC;01/01/2009;31/12/2009;34 887 436,000000;34 887 436,000000;
833;833;517;RECETTES;CAC;01/01/2008;31/12/2008;62 267 622,000000;62 267 622,000000;
578;578;301;RECETTES;CAC;01/01/2010;31/12/2010;63 997 273,000000;63 997 273,000000;
834;834;518;RECETTES;CAC;01/01/2009;31/12/2009;78 385 750,000000;78 385 750,000000;
579;579;302;RECETTES;CAC;01/01/2011;31/12/2011;58 456 661,000000;58 456 661,000000;
835;835;519;RECETTES;CAC;01/01/2010;31/12/2010;131 038 103,000000;131 038 103,000000;
580;580;303;RECETTES;CAC;01/01/2012;30/06/2012;37 499 132,000000;37 499 132,000000;
836;836;520;RECETTES;CAC;01/01/2011;31/12/2011;180 345 141,000000;180 345 141,000000;
581;581;304;RECETTES;CAC;01/01/2007;31/12/2007;46 241 750,000000;46 241 750,000000;
837;837;521;RECETTES;CAC;01/01/2012;31/12/2012;115 484 738,000000;115 484 738,000000;
582;582;305;RECETTES;CAC;01/01/2008;31/12/2008;35 019 553,000000;35 019 553,000000;
838;838;522;RECETTES;CAC;01/01/2008;31/12/2008;39 696 093,000000;39 696 093,000000;
583;583;306;RECETTES;CAC;01/01/2009;31/12/2009;38 059 021,000000;38 059 021,000000;
839;839;523;RECETTES;CAC;01/01/2009;31/12/2009;49 971 525,000000;49 971 525,000000;
584;584;307;RECETTES;CAC;01/01/2010;31/12/2010;69 815 208,000000;69 815 208,000000;
840;840;524;RECETTES;CAC;01/01/2010;31/12/2010;83 537 810,000000;83 537 810,000000;
585;585;308;RECETTES;CAC;01/01/2011;31/12/2011;47 023 439,000000;47 023 439,000000;
841;841;525;RECETTES;CAC;01/01/2011;31/12/2011;182 577 390,000000;182 577 390,000000;
586;586;309;RECETTES;CAC;01/01/2012;30/06/2012;31 648 229,000000;31 648 229,000000;
842;842;526;RECETTES;CAC;01/01/2012;30/06/2012;116 770 236,000000;116 770 236,000000;
587;587;310;RECETTES;CAC;01/01/2007;31/12/2007;42 388 271,000000;42 388 271,000000;
843;843;527;RECETTES;CAC;01/01/2008;31/12/2008;46 616 324,000000;46 616 324,000000;
588;588;311;RECETTES;CAC;01/01/2008;31/12/2008;32 101 256,000000;32 101 256,000000;
844;844;528;RECETTES;CAC;01/01/2009;31/12/2009;58 683 074,000000;58 683 074,000000;
333;333;91;RECETTES;CAC;01/01/2011;31/12/2011;47 320 000,000000;0,000000;"Les CAC e elles seules representent plus de 60% des previsions en fonds propres de la commune. Par ailleurs, il convient de signaler que le montant budgetaire en fonds propres de la commune de Galim Tignere est
en constante evolution. Cette evolution est principalement la resultante des majorations budgetaires au niveau des taxes communales indirectes et une
fois de plus des CAC."
589;589;312;RECETTES;CAC;01/01/2009;31/12/2009;34 887 436,000000;34 887 436,000000;
845;845;529;RECETTES;CAC;01/01/2010;31/12/2010;98 100 977,000000;98 100 977,000000;
590;590;313;RECETTES;CAC;01/01/2010;31/12/2010;63 997 274,000000;63 997 274,000000;
846;846;530;RECETTES;CAC;01/01/2011;31/12/2011;72 245 590,000000;72 245 590,000000;
591;591;314;RECETTES;CAC;01/01/2011;31/12/2011;53 035 376,000000;53 035 376,000000;
847;847;531;RECETTES;CAC;01/01/2012;30/06/2012;51 194 486,000000;51 194 486,000000;
592;592;315;RECETTES;CAC;01/01/2012;30/06/2012;34 724 813,000000;34 724 813,000000;
848;848;532;RECETTES;CAC;01/01/2007;31/12/2007;2 890 110,000000;2 890 110,000000;
593;593;316;RECETTES;CAC;01/01/2007;31/12/2007;32 754 574,000000;32 754 574,000000;
849;849;533;RECETTES;CAC;01/01/2008;31/12/2008;2 188 724,000000;2 188 724,000000;
594;594;317;RECETTES;CAC;01/01/2008;31/12/2008;24 805 516,000000;24 805 516,000000;
850;850;534;RECETTES;CAC;01/01/2009;31/12/2009;2 378 689,000000;2 378 689,000000;
595;595;318;RECETTES;CAC;01/01/2009;31/12/2009;26 958 473,000000;26 958 473,000000;
851;851;535;RECETTES;CAC;01/01/2010;31/12/2010;4 363 451,000000;4 363 451,000000;
596;596;319;RECETTES;CAC;01/01/2010;31/12/2010;49 452 439,000000;49 452 439,000000;
852;852;536;RECETTES;CAC;01/01/2011;31/12/2011;18 972 849,000000;18 972 849,000000;
597;597;320;RECETTES;CAC;01/01/2011;31/12/2011;33 840 211,000000;33 840 211,000000;
853;853;537;RECETTES;CAC;01/01/2012;30/06/2012;17 293 464,000000;17 293 464,000000;
598;598;321;RECETTES;CAC;01/01/2012;30/06/2012;24 901 770,000000;24 901 770,000000;
854;854;538;RECETTES;CAC;01/01/2007;31/12/2007;9 633 697,000000;9 633 697,000000;
599;599;322;RECETTES;CAC;01/01/2007;31/12/2007;67 827 014,000000;67 827 014,000000;
855;855;539;RECETTES;CAC;01/01/2008;31/12/2008;7 295 740,000000;7 295 740,000000;
600;600;323;RECETTES;CAC;01/01/2008;31/12/2008;51 366 388,000000;51 366 388,000000;
856;856;540;RECETTES;CAC;01/01/2009;31/12/2009;7 928 963,000000;7 928 963,000000;
601;601;324;RECETTES;CAC;01/01/2009;31/12/2009;55 824 654,000000;55 824 654,000000;
857;857;541;RECETTES;CAC;01/01/2010;31/12/2010;14 544 835,000000;14 544 835,000000;
602;602;325;RECETTES;CAC;01/01/2010;31/12/2010;102 404 365,000000;102 404 365,000000;
858;858;542;RECETTES;CAC;01/01/2010;31/12/2010;30 050 362,000000;30 050 362,000000;
91;91;59;RECETTES;CAC;;;40 000 000,000000;40 000 000,000000;
603;603;326;RECETTES;CAC;01/01/2011;31/12/2011;92 633 367,000000;92 633 367,000000;
859;859;543;RECETTES;CAC;01/01/2012;30/06/2012;22 962 332,000000;22 962 332,000000;
604;604;327;RECETTES;CAC;01/01/2012;30/06/2012;54 988 912,000000;54 988 912,000000;
860;860;544;RECETTES;CAC;01/01/2007;31/12/2007;36 191 877,000000;36 191 877,000000;
605;605;328;RECETTES;CAC;01/01/2007;31/12/2007;156 836 350,000000;156 836 350,000000;
861;861;545;RECETTES;CAC;01/01/2008;31/12/2008;27 408 637,000000;27 408 637,000000;
350;350;104;RECETTES;CAC;01/01/2011;31/12/2011;46 400 000,000000;57 466 176,000000;
606;606;329;RECETTES;CAC;01/01/2008;31/12/2008;79 694 433,000000;79 694 433,000000;
862;862;546;RECETTES;CAC;01/01/2009;31/12/2009;29 787 527,000000;29 787 527,000000;
607;607;330;RECETTES;CAC;01/01/2009;31/12/2009;83 385 165,000000;83 385 165,000000;
863;863;547;RECETTES;CAC;01/01/2010;31/12/2010;54 642 037,000000;54 642 037,000000;
608;608;331;RECETTES;CAC;01/01/2010;31/12/2010;147 412 025,000000;147 412 025,000000;
864;864;548;RECETTES;CAC;01/01/2011;31/12/2011;49 061 086,000000;49 061 086,000000;
609;609;332;RECETTES;CAC;01/01/2011;31/12/2011;120 650 069,000000;120 650 069,000000;
865;865;549;RECETTES;CAC;01/01/2012;31/12/2012;32 690 987,000000;32 690 987,000000;
610;610;333;RECETTES;CAC;01/01/2012;30/06/2012;65 426 635,000000;65 426 635,000000;
866;866;550;RECETTES;CAC;01/01/2007;31/12/2007;19 267 397,000000;19 267 397,000000;
611;611;334;RECETTES;CAC;01/01/2007;31/12/2007;105 132 545,000000;105 132 545,000000;
867;867;551;RECETTES;CAC;01/01/2008;31/12/2008;14 591 481,000000;14 591 481,000000;
612;612;335;RECETTES;CAC;01/01/2008;31/12/2008;79 618 411,000000;79 618 411,000000;
868;868;552;RECETTES;CAC;01/01/2009;31/12/2009;15 857 925,000000;15 857 925,000000;
613;613;336;RECETTES;CAC;01/01/2009;31/12/2009;86 528 769,000000;86 528 769,000000;
869;869;553;RECETTES;CAC;01/01/2010;31/12/2010;29 089 670,000000;29 089 670,000000;
614;614;337;RECETTES;CAC;01/01/2010;31/12/2010;158 727 784,000000;158 727 784,000000;
870;870;554;RECETTES;CAC;01/01/2011;31/12/2011;31 438 069,000000;31 438 069,000000;
615;615;338;RECETTES;CAC;01/01/2011;31/12/2011;128 393 202,000000;128 393 202,000000;
871;871;555;RECETTES;CAC;01/01/2012;30/06/2012;23 672 486,000000;23 672 486,000000;
616;616;339;RECETTES;CAC;01/01/2012;30/06/2012;73 288 851,000000;73 288 851,000000;
872;872;556;RECETTES;CAC;01/01/2007;31/12/2007;46 434 423,000000;46 434 423,000000;
617;617;340;RECETTES;CAC;01/01/2007;31/12/2007;96 682 219,000000;96 682 219,000000;
873;873;557;RECETTES;CAC;01/01/2008;31/12/2008;35 165 468,000000;35 165 468,000000;
618;618;341;RECETTES;CAC;01/01/2008;31/12/2008;56 368 347,000000;56 368 347,000000;
874;874;558;RECETTES;CAC;01/01/2009;31/12/2009;38 217 600,000000;38 217 600,000000;
619;619;342;RECETTES;CAC;01/01/2009;31/12/2009;61 260 752,000000;61 260 752,000000;
875;875;559;RECETTES;CAC;01/01/2010;31/12/2010;70 106 105,000000;70 106 105,000000;
620;620;343;RECETTES;CAC;01/01/2010;31/12/2010;112 376 304,000000;112 376 304,000000;
876;876;560;RECETTES;CAC;01/01/2011;31/12/2011;62 571 478,000000;62 571 478,000000;
621;621;62;RECETTES;CAC;01/01/2011;31/12/2011;133 414 861,000000;133 414 861,000000;
877;877;561;RECETTES;CAC;01/01/2012;31/12/2012;39 604 872,000000;39 604 872,000000;
366;366;105;RECETTES;CAC;01/01/2012;31/12/2012;121 720 747,000000;98 860 000,000000;
622;622;63;RECETTES;CAC;01/01/2012;30/06/2012;75 858 664,000000;75 858 664,000000;
878;878;562;RECETTES;CAC;01/01/2007;31/12/2007;55 875 449,000000;55 875 449,000000;
623;623;345;RECETTES;CAC;01/01/2007;31/12/2007;75 142 845,000000;75 142 845,000000;
879;879;563;RECETTES;CAC;01/01/2008;31/12/2008;42 315 292,000000;42 315 292,000000;
624;624;346;RECETTES;CAC;01/01/2008;31/12/2008;56 906 773,000000;56 906 773,000000;
880;880;564;RECETTES;CAC;01/01/2009;31/12/2009;45 987 983,000000;45 987 983,000000;
625;625;347;RECETTES;CAC;01/01/2009;31/12/2009;61 845 909,000000;61 845 909,000000;
881;881;565;RECETTES;CAC;01/01/2010;31/12/2010;84 360 044,000000;84 360 044,000000;
114;114;60;RECETTES;CAC;;;50 000 000,000000;50 000 000,000000;
626;626;348;RECETTES;CAC;01/01/2010;31/12/2010;113 449 714,000000;113 449 714,000000;
882;882;566;RECETTES;CAC;01/01/2011;31/12/2011;75 510 980,000000;75 510 980,000000;
627;627;349;RECETTES;CAC;01/01/2011;31/12/2011;99 868 333,000000;99 868 333,000000;
883;883;567;RECETTES;CAC;01/01/2012;30/06/2012;46 226 605,000000;46 226 605,000000;
628;628;350;RECETTES;CAC;01/01/2012;30/06/2012;58 691 374,000000;58 691 374,000000;
884;884;568;RECETTES;CAC;01/01/2007;31/12/2007;19 945 609,000000;19 945 609,000000;
629;629;351;RECETTES;CAC;01/01/2007;31/12/2007;19 267 397,000000;19 267 397,000000;
885;885;569;RECETTES;CAC;01/01/2008;31/12/2008;15 105 100,000000;15 105 100,000000;
630;630;352;RECETTES;CAC;01/01/2008;31/12/2008;14 591 481,000000;14 591 481,000000;
886;886;570;RECETTES;CAC;01/01/2009;31/12/2009;16 416 124,000000;16 416 124,000000;
631;631;353;RECETTES;CAC;01/01/2009;31/12/2009;15 857 925,000000;15 857 925,000000;
887;887;571;RECETTES;CAC;01/01/2010;31/12/2010;30 113 626,000000;30 113 626,000000;
632;632;354;RECETTES;CAC;01/01/2010;31/12/2010;29 089 670,000000;29 089 670,000000;
888;888;572;RECETTES;CAC;01/01/2011;31/12/2011;36 815 439,000000;36 815 439,000000;
633;633;355;RECETTES;CAC;01/01/2011;31/12/2011;36 756 155,000000;36 756 155,000000;
889;889;573;RECETTES;CAC;01/01/2012;31/12/2012;26 242 330,000000;26 242 330,000000;
634;634;356;RECETTES;CAC;01/01/2012;30/06/2012;26 393 991,000000;26 393 991,000000;
890;890;574;RECETTES;CAC;01/01/2007;31/12/2007;32 754 574,000000;32 754 574,000000;
635;635;357;RECETTES;CAC;01/01/2007;31/12/2007;20 024 429,000000;20 024 429,000000;
891;891;575;RECETTES;CAC;01/01/2008;31/12/2008;24 805 518,000000;24 805 518,000000;
636;636;358;RECETTES;CAC;01/01/2008;31/12/2008;23 590 047,000000;23 590 047,000000;
892;892;576;RECETTES;CAC;01/01/2009;31/12/2009;26 958 473,000000;26 958 473,000000;
637;637;359;RECETTES;CAC;01/01/2009;31/12/2009;25 637 508,000000;25 637 508,000000;
893;893;577;RECETTES;CAC;01/01/2010;31/12/2010;49 452 439,000000;49 452 439,000000;
382;382;106;RECETTES;CAC;01/01/2013;31/12/2013;121 442 656,000000;63 793 155,000000;
638;638;360;RECETTES;CAC;01/01/2010;31/12/2010;47 029 270,000000;47 029 270,000000;
894;894;578;RECETTES;CAC;01/01/2011;31/12/2011;42 583 651,000000;42 583 651,000000;
639;639;361;RECETTES;CAC;01/01/2011;31/12/2011;30 243 586,000000;30 243 586,000000;
895;895;579;RECETTES;CAC;01/01/2012;30/06/2012;29 376 187,000000;29 376 187,000000;
640;640;362;RECETTES;CAC;01/01/2012;30/06/2012;23 061 214,000000;23 061 214,000000;
896;896;580;RECETTES;CAC;01/01/2007;31/12/2007;19 267 397,000000;19 267 397,000000;
641;641;363;RECETTES;CAC;01/01/2007;31/12/2007;20 024 429,000000;20 024 429,000000;
897;897;581;RECETTES;CAC;01/01/2008;31/12/2008;17 591 481,000000;17 591 481,000000;
642;642;364;RECETTES;CAC;01/01/2008;31/12/2008;23 590 047,000000;23 590 047,000000;
898;898;582;RECETTES;CAC;01/01/2009;31/12/2009;15 857 925,000000;15 857 925,000000;
643;643;365;RECETTES;CAC;01/01/2009;31/12/2009;25 637 508,000000;25 637 508,000000;
899;899;583;RECETTES;CAC;01/01/2010;31/12/2010;29 089 670,000000;29 089 670,000000;
644;644;366;RECETTES;CAC;01/01/2010;31/12/2010;47 029 270,000000;47 029 270,000000;
900;900;584;RECETTES;CAC;01/01/2011;31/12/2011;31 600 555,000000;31 600 555,000000;
645;645;367;RECETTES;CAC;01/01/2011;31/12/2011;30 623 451,000000;30 623 451,000000;
901;901;585;RECETTES;CAC;01/01/2012;30/06/2012;23 755 636,000000;23 755 636,000000;
646;646;368;RECETTES;CAC;01/01/2012;30/06/2012;23 255 607,000000;23 255 607,000000;
902;902;586;RECETTES;CAC;01/01/2007;31/12/2007;8 670 328,000000;8 670 328,000000;
647;647;369;RECETTES;CAC;01/01/2007;31/12/2007;54 960 248,000000;54 960 248,000000;
903;903;587;RECETTES;CAC;01/01/2008;31/12/2008;6 566 166,000000;6 566 166,000000;
648;648;370;RECETTES;CAC;01/01/2008;31/12/2008;41 622 197,000000;41 622 197,000000;
904;904;588;RECETTES;CAC;01/01/2009;31/12/2009;7 136 067,000000;7 136 067,000000;
649;649;371;RECETTES;CAC;01/01/2009;31/12/2009;45 234 732,000000;45 234 732,000000;
905;905;589;RECETTES;CAC;01/01/2010;31/12/2010;13 090 352,000000;13 090 352,000000;
138;138;61;RECETTES;CAC;;;45 000 000,000000;45 000 000,000000;
650;650;372;RECETTES;CAC;01/01/2010;31/12/2010;82 978 284,000000;82 978 284,000000;
906;906;590;RECETTES;CAC;01/01/2011;31/12/2011;21 825 117,000000;21 825 117,000000;
651;651;373;RECETTES;CAC;01/01/2011;31/12/2011;47 908 322,000000;47 908 322,000000;
907;907;591;RECETTES;CAC;01/01/2012;30/06/2012;18 753 099,000000;18 753 099,000000;
396;396;118;RECETTES;CAC;01/01/2007;31/12/2007;59 052 643,000000;59 052 643,000000;
652;652;374;RECETTES;CAC;01/01/2012;30/06/2012;32 101 065,000000;32 101 065,000000;
908;908;592;RECETTES;CAC;01/01/2007;31/12/2007;100 190 459,000000;100 190 459,000000;
397;397;119;RECETTES;CAC;01/01/2008;31/12/2008;44 721 428,000000;44 721 428,000000;
653;653;375;RECETTES;CAC;01/01/2007;31/12/2007;26 974 355,000000;26 974 355,000000;
909;909;593;RECETTES;CAC;01/01/2008;31/12/2008;75 875 697,000000;75 875 697,000000;
398;398;120;RECETTES;CAC;01/01/2009;31/12/2009;48 602 956,000000;48 602 956,000000;
654;654;376;RECETTES;CAC;01/01/2008;31/12/2008;20 428 073,000000;20 428 073,000000;
910;910;594;RECETTES;CAC;01/01/2009;31/12/2009;82 461 212,000000;82 461 212,000000;
399;399;121;RECETTES;CAC;01/01/2010;31/12/2010;89 156 930,000000;89 156 930,000000;
655;655;377;RECETTES;CAC;01/01/2009;31/12/2009;22 201 095,000000;22 201 095,000000;
911;911;595;RECETTES;CAC;01/01/2010;31/12/2010;151 266 284,000000;151 266 284,000000;
400;400;122;RECETTES;CAC;01/01/2011;31/12/2011;112 981 680,000000;112 981 680,000000;
656;656;378;RECETTES;CAC;01/01/2010;31/12/2010;40 725 538,000000;40 725 538,000000;
912;912;596;RECETTES;CAC;01/01/2011;31/12/2011;115 969 700,000000;115 969 700,000000;
401;401;123;RECETTES;CAC;01/01/2012;30/06/2012;72 893 323,000000;72 893 323,000000;
657;657;379;RECETTES;CAC;01/01/2011;31/12/2011;49 880 097,000000;49 880 097,000000;
913;913;597;RECETTES;CAC;01/01/2012;30/06/2012;66 931 177,000000;66 931 177,000000;
402;402;124;RECETTES;CAC;01/01/2007;31/12/2007;25 432 962,000000;25 432 962,000000;
658;658;380;RECETTES;CAC;01/01/2012;30/06/2012;33 110 114,000000;33 110 114,000000;
914;914;598;RECETTES;CAC;01/01/2007;31/12/2007;38 534 792,000000;38 534 792,000000;
403;403;125;RECETTES;CAC;01/01/2008;31/12/2008;19 260 754,000000;19 260 754,000000;
659;659;381;RECETTES;CAC;01/01/2007;31/12/2007;17 340 655,000000;17 340 655,000000;
915;915;599;RECETTES;CAC;01/01/2008;31/12/2008;29 182 960,000000;29 182 960,000000;
404;404;126;RECETTES;CAC;01/01/2009;31/12/2009;20 932 461,000000;20 932 461,000000;
660;660;382;RECETTES;CAC;01/01/2008;31/12/2008;13 132 333,000000;13 132 333,000000;
916;916;600;RECETTES;CAC;01/01/2009;31/12/2009;31 715 851,000000;31 715 851,000000;
405;405;127;RECETTES;CAC;01/01/2010;31/12/2010;38 398 364,000000;38 398 364,000000;
661;661;383;RECETTES;CAC;01/01/2009;31/12/2009;14 272 133,000000;14 272 133,000000;
917;917;601;RECETTES;CAC;01/01/2010;31/12/2010;58 179 340,000000;58 179 340,000000;
406;406;91;RECETTES;CAC;01/01/2011;31/12/2011;68 054 243,000000;68 054 243,000000;
662;662;384;RECETTES;CAC;01/01/2010;31/12/2010;26 180 702,000000;26 180 702,000000;
918;918;602;RECETTES;CAC;01/01/2011;31/12/2011;61 818 341,000000;61 818 341,000000;
407;407;129;RECETTES;CAC;01/01/2012;31/12/2012;42 410 653,000000;42 410 653,000000;
663;663;385;RECETTES;CAC;01/01/2011;31/12/2011;22 145 696,000000;22 145 696,000000;
919;919;603;RECETTES;CAC;01/01/2012;30/06/2012;39 219 456,000000;39 219 456,000000;
408;408;130;RECETTES;CAC;01/01/2007;31/12/2007;89 714 776,000000;89 714 776,000000;
664;664;387;RECETTES;CAC;01/01/2012;30/06/2012;18 917 152,000000;18 917 152,000000;
920;920;604;RECETTES;CAC;01/01/2007;31/12/2007;32 754 574,000000;32 754 574,000000;
409;409;131;RECETTES;CAC;01/01/2008;31/12/2008;67 942 310,000000;67 942 310,000000;
665;665;388;RECETTES;CAC;01/01/2007;31/12/2007;53 948 708,000000;53 948 708,000000;
921;921;605;RECETTES;CAC;01/01/2008;31/12/2008;24 805 516,000000;24 805 516,000000;
410;410;132;RECETTES;CAC;01/01/2009;31/12/2009;73 839 257,000000;73 839 257,000000;
666;666;389;RECETTES;CAC;01/01/2008;31/12/2008;40 856 144,000000;40 856 144,000000;
411;411;133;RECETTES;CAC;01/01/2010;31/12/2010;135 450 231,000000;135 450 231,000000;
667;667;390;RECETTES;CAC;01/01/2009;31/12/2009;44 402 191,000000;44 402 191,000000;
923;923;607;RECETTES;CAC;01/01/2010;31/12/2010;49 452 439,000000;49 452 439,000000;
412;412;134;RECETTES;CAC;01/01/2011;31/12/2011;169 809 266,000000;169 809 266,000000;
668;668;391;RECETTES;CAC;01/01/2010;31/12/2010;81 451 076,000000;81 451 076,000000;
924;924;608;RECETTES;CAC;01/01/2011;31/12/2011;44 010 882,000000;44 010 882,000000;
413;413;135;RECETTES;CAC;01/01/2012;30/06/2012;94 483 341,000000;94 483 341,000000;
669;669;392;RECETTES;CAC;01/01/2011;31/12/2011;67 836 866,000000;67 836 866,000000;
925;925;609;RECETTES;CAC;01/01/2012;31/12/2012;30 106 566,000000;30 106 566,000000;
414;414;136;RECETTES;CAC;01/01/2007;31/12/2007;14 450 547,000000;14 450 547,000000;
670;670;393;RECETTES;CAC;01/01/2012;30/06/2012;42 299 410,000000;42 299 410,000000;
926;926;610;RECETTES;CAC;01/01/2007;31/12/2007;48 939 186,000000;48 939 186,000000;
415;415;137;RECETTES;CAC;01/01/2008;31/12/2008;10 943 610,000000;10 943 610,000000;
671;671;394;RECETTES;CAC;01/01/2007;31/12/2007;57 802 188,000000;57 802 188,000000;
927;927;611;RECETTES;CAC;01/01/2008;31/12/2008;37 062 359,000000;37 062 359,000000;
416;416;138;RECETTES;CAC;01/01/2009;31/12/2009;11 893 444,000000;11 893 444,000000;
672;672;395;RECETTES;CAC;01/01/2008;31/12/2008;43 774 441,000000;43 774 441,000000;
928;928;612;RECETTES;CAC;01/01/2009;31/12/2009;40 279 131,000000;40 279 131,000000;
417;417;139;RECETTES;CAC;01/01/2010;31/12/2010;21 817 252,000000;21 817 252,000000;
673;673;396;RECETTES;CAC;01/01/2009;31/12/2009;47 573 776,000000;47 573 776,000000;
929;929;613;RECETTES;CAC;01/01/2010;31/12/2010;73 887 763,000000;73 887 763,000000;
418;418;140;RECETTES;CAC;01/01/2011;31/12/2011;26 772 121,000000;26 772 121,000000;
674;674;397;RECETTES;CAC;01/01/2010;31/12/2010;87 269 010,000000;87 269 010,000000;
930;930;614;RECETTES;CAC;01/01/2011;31/12/2011;36 189 653,000000;36 189 653,000000;
419;419;141;RECETTES;CAC;01/01/2012;30/06/2012;21 284 706,000000;21 284 706,000000;
675;675;398;RECETTES;CAC;01/01/2011;31/12/2011;101 958 677,000000;101 958 677,000000;
931;931;615;RECETTES;CAC;01/01/2012;30/06/2012;26 104 088,000000;26 104 088,000000;
420;420;142;RECETTES;CAC;01/01/2007;31/12/2007;12 053 683,000000;12 053 683,000000;
676;676;399;RECETTES;CAC;01/01/2012;30/06/2012;59 761 098,000000;59 761 098,000000;
932;932;616;RECETTES;CAC;01/01/2007;31/12/2007;38 534 792,000000;38 534 792,000000;
421;421;143;RECETTES;CAC;01/01/2008;31/12/2008;9 128 430,000000;9 128 430,000000;
677;677;400;RECETTES;CAC;01/01/2007;31/12/2007;19 267 397,000000;19 267 397,000000;
933;933;617;RECETTES;CAC;01/01/2008;31/12/2008;29 182 960,000000;29 182 960,000000;
422;422;144;RECETTES;CAC;01/01/2009;31/12/2009;9 920 717,000000;9 920 717,000000;
678;678;401;RECETTES;CAC;01/01/2008;31/12/2008;14 591 481,000000;14 591 481,000000;
934;934;618;RECETTES;CAC;01/01/2009;31/12/2009;31 715 851,000000;31 715 851,000000;
423;423;145;RECETTES;CAC;01/01/2010;31/12/2010;18 198 498,000000;18 198 498,000000;
679;679;402;RECETTES;CAC;01/01/2009;31/12/2009;15 857 925,000000;15 857 925,000000;
935;935;619;RECETTES;CAC;01/01/2010;31/12/2010;58 179 340,000000;58 179 340,000000;
424;424;146;RECETTES;CAC;01/01/2011;31/12/2011;46 391 067,000000;46 391 067,000000;
680;680;403;RECETTES;CAC;01/01/2010;31/12/2010;29 089 670,000000;29 089 670,000000;
936;936;620;RECETTES;CAC;01/01/2011;31/12/2011;29 172 066,000000;29 172 066,000000;
425;425;147;RECETTES;CAC;01/01/2012;30/06/2012;31 324 615,000000;31 324 615,000000;
681;681;404;RECETTES;CAC;01/01/2011;31/12/2011;38 960 678,000000;38 960 678,000000;
937;937;621;RECETTES;CAC;01/01/2012;30/06/2012;22 512 867,000000;22 512 867,000000;
426;426;148;RECETTES;CAC;01/01/2007;31/12/2007;44 315 012,000000;44 315 012,000000;
682;682;405;RECETTES;CAC;01/01/2012;30/06/2012;27 522 148,000000;27 522 148,000000;
938;938;622;RECETTES;CAC;01/01/2007;31/12/2007;17 340 656,000000;17 340 656,000000;
427;427;149;RECETTES;CAC;01/01/2008;31/12/2008;33 560 405,000000;33 560 405,000000;
683;683;406;RECETTES;CAC;01/01/2007;31/12/2007;23 120 875,000000;23 120 875,000000;
939;939;623;RECETTES;CAC;01/01/2008;31/12/2008;13 132 333,000000;13 132 333,000000;
428;428;150;RECETTES;CAC;01/01/2009;31/12/2009;36 473 227,000000;36 473 227,000000;
684;684;407;RECETTES;CAC;01/01/2008;31/12/2008;17 509 777,000000;17 509 777,000000;
940;940;624;RECETTES;CAC;01/01/2009;31/12/2009;14 272 133,000000;14 272 133,000000;
429;429;151;RECETTES;CAC;01/01/2010;31/12/2010;66 906 240,000000;66 906 240,000000;
685;685;408;RECETTES;CAC;01/01/2009;31/12/2009;19 029 511,000000;19 029 511,000000;
941;941;625;RECETTES;CAC;01/01/2010;31/12/2010;26 180 703,000000;26 180 703,000000;
430;430;152;RECETTES;CAC;01/01/2011;31/12/2011;86 559 947,000000;86 559 947,000000;
686;686;409;RECETTES;CAC;01/01/2010;31/12/2010;34 907 605,000000;34 907 605,000000;
942;942;626;RECETTES;CAC;01/01/2011;31/12/2011;23 388 485,000000;23 388 485,000000;
431;431;153;RECETTES;CAC;01/01/2012;30/06/2012;51 880 865,000000;51 880 865,000000;
687;687;410;RECETTES;CAC;01/12/2011;31/12/2011;42 041 302,000000;42 041 302,000000;
943;943;627;RECETTES;CAC;01/01/2012;31/12/2012;19 553 146,000000;19 553 146,000000;
432;432;154;RECETTES;CAC;01/01/2007;31/12/2007;52 021 968,000000;52 021 968,000000;
688;688;411;RECETTES;CAC;01/01/2012;30/06/2012;29 098 643,000000;29 098 643,000000;
944;944;628;RECETTES;CAC;01/01/2007;31/12/2007;25 047 615,000000;25 047 615,000000;
433;433;155;RECETTES;CAC;01/01/2008;31/12/2008;39 396 996,000000;39 396 996,000000;
689;689;412;RECETTES;CAC;01/01/2007;31/12/2007;38 534 791,000000;38 534 791,000000;
945;945;629;RECETTES;CAC;01/01/2008;31/12/2008;18 968 926,000000;18 968 926,000000;
434;434;156;RECETTES;CAC;01/01/2009;31/12/2009;42 816 399,000000;42 816 399,000000;
690;690;413;RECETTES;CAC;01/01/2008;31/12/2008;29 182 960,000000;29 182 960,000000;
946;946;630;RECETTES;CAC;01/01/2009;31/12/2009;20 615 303,000000;20 615 303,000000;
435;435;157;RECETTES;CAC;01/01/2010;31/12/2010;78 542 108,000000;78 542 108,000000;
691;691;414;RECETTES;CAC;01/01/2009;31/12/2009;31 715 851,000000;31 715 851,000000;
947;947;631;RECETTES;CAC;01/01/2010;31/12/2010;37 816 570,000000;37 816 570,000000;
436;436;158;RECETTES;CAC;01/01/2011;31/12/2011;165 529 767,000000;165 529 767,000000;
692;692;415;RECETTES;CAC;01/01/2010;31/12/2010;58 179 340,000000;58 179 340,000000;
948;948;632;RECETTES;CAC;01/01/2011;31/12/2011;32 204 384,000000;32 204 384,000000;
437;437;159;RECETTES;CAC;01/01/2012;30/06/2012;92 293 326,000000;92 293 326,000000;
693;693;416;RECETTES;CAC;01/01/2011;31/12/2011;67 788 559,000000;67 788 559,000000;
949;949;633;RECETTES;CAC;01/01/2012;30/06/2012;24 064 643,000000;24 064 643,000000;
438;438;160;RECETTES;CAC;01/01/2007;31/12/2007;101 386 965,000000;101 386 965,000000;
694;694;417;RECETTES;CAC;01/01/2012;30/06/2012;42 274 690,000000;42 274 690,000000;
950;950;634;RECETTES;CAC;;01/01/2007;128 632 990,000000;128 632 990,000000;
439;439;161;RECETTES;CAC;01/01/2008;31/12/2008;76 781 828,000000;76 781 828,000000;
695;695;418;RECETTES;CAC;01/01/2007;31/12/2007;57 802 188,000000;57 802 188,000000;
951;951;635;RECETTES;CAC;01/01/2008;31/12/2008;215 087 243,000000;215 087 243,000000;
440;440;162;RECETTES;CAC;01/01/2009;31/12/2009;83 445 987,000000;83 445 987,000000;
696;696;419;RECETTES;CAC;01/01/2008;31/12/2008;43 774 441,000000;43 774 441,000000;
952;952;636;RECETTES;CAC;01/01/2009;31/12/2009;191 278 719,000000;191 278 719,000000;
441;441;163;RECETTES;CAC;01/01/2010;31/12/2010;153 072 753,000000;153 072 753,000000;
697;697;420;RECETTES;CAC;01/01/2009;31/12/2009;47 573 776,000000;47 573 776,000000;
953;953;637;RECETTES;CAC;01/01/2010;31/12/2010;316 058 042,000000;316 058 042,000000;
442;442;164;RECETTES;CAC;01/01/2011;31/12/2011;217 674 219,000000;217 674 219,000000;
698;698;421;RECETTES;CAC;01/01/2010;31/12/2010;87 269 010,000000;87 269 010,000000;
954;954;16;RECETTES;CAC;01/01/2011;31/12/2011;268 105 472,000000;268 105 472,000000;
443;443;165;RECETTES;CAC;01/01/2012;30/06/2012;118 978 022,000000;118 978 022,000000;
699;699;422;RECETTES;CAC;01/01/2011;31/12/2011;38 615 946,000000;38 615 946,000000;
955;955;639;RECETTES;CAC;01/01/2012;30/06/2012;120 314 380,000000;120 314 380,000000;
444;444;166;RECETTES;CAC;01/01/2007;31/12/2007;28 901 094,000000;28 901 094,000000;
700;700;423;RECETTES;CAC;01/01/2012;31/12/2012;27 345 733,000000;27 345 733,000000;
956;956;640;RECETTES;CAC;01/01/2007;31/12/2007;23 583 293,000000;23 583 293,000000;
445;445;167;RECETTES;CAC;01/01/2008;31/12/2008;21 887 220,000000;21 887 220,000000;
701;701;424;RECETTES;CAC;01/01/2007;31/12/2007;4 735 926,000000;4 735 926,000000;
957;957;641;RECETTES;CAC;01/01/2008;31/12/2008;17 859 973,000000;17 859 973,000000;
446;446;168;RECETTES;CAC;01/01/2010;31/12/2010;43 634 505,000000;43 634 505,000000;
702;702;425;RECETTES;CAC;01/01/2008;31/12/2008;3 586 586,000000;3 586 586,000000;
958;958;642;RECETTES;CAC;01/01/2009;31/12/2009;19 410 100,000000;19 410 100,000000;
447;447;169;RECETTES;CAC;01/01/2011;31/12/2011;62 158 680,000000;62 158 680,000000;
703;703;426;RECETTES;CAC;01/01/2009;31/12/2009;3 897 878,000000;3 897 878,000000;
959;959;643;RECETTES;CAC;01/01/2010;31/12/2010;35 605 757,000000;35 605 757,000000;
448;448;170;RECETTES;CAC;01/01/2012;30/06/2012;39 393 624,000000;39 393 624,000000;
704;704;427;RECETTES;CAC;01/01/2010;31/12/2010;7 150 242,000000;7 150 242,000000;
960;960;644;RECETTES;CAC;01/01/2011;31/12/2011;21 946 543,000000;21 946 543,000000;
449;449;171;RECETTES;CAC;01/01/2007;31/12/2007;73 794 127,000000;73 794 127,000000;
705;705;428;RECETTES;CAC;01/01/2011;31/12/2011;15 461 861,000000;15 461 861,000000;
961;961;645;RECETTES;CAC;01/01/2007;31/12/2007;38 534 792,000000;38 534 792,000000;
450;450;172;RECETTES;CAC;01/01/2008;31/12/2008;55 885 369,000000;55 885 369,000000;
706;706;429;RECETTES;CAC;01/01/2012;31/12/2012;15 496 729,000000;15 496 729,000000;
962;962;646;RECETTES;CAC;01/01/2008;31/12/2008;29 182 960,000000;29 182 960,000000;
451;451;173;RECETTES;CAC;01/01/2009;31/12/2009;60 735 853,000000;60 735 853,000000;
963;963;647;RECETTES;CAC;01/01/2009;31/12/2009;31 715 851,000000;31 715 851,000000;
196;196;75;RECETTES;CAC;01/01/2011;31/12/2011;85 579 037,000000;85 579 037,000000;
452;452;174;RECETTES;CAC;01/01/2010;31/12/2010;111 413 437,000000;111 413 437,000000;
964;964;648;RECETTES;CAC;01/01/2010;31/12/2010;58 179 340,000000;58 179 340,000000;
453;453;175;RECETTES;CAC;01/01/2011;31/12/2011;86 816 850,000000;86 816 850,000000;
709;709;433;RECETTES;CAC;01/01/2009;31/12/2009;21 725 356,000000;21 725 356,000000;
965;965;649;RECETTES;CAC;01/01/2011;31/12/2011;49 236 745,000000;49 236 745,000000;
454;454;176;RECETTES;CAC;01/01/2012;30/06/2012;52 012 335,000000;52 012 335,000000;
710;710;434;RECETTES;CAC;01/01/2010;31/12/2010;39 852 849,000000;39 852 849,000000;
966;966;650;RECETTES;CAC;01/01/2012;30/06/2012;32 780 881,000000;32 780 881,000000;
455;455;177;RECETTES;CAC;01/01/2007;31/12/2007;42 388 271,000000;42 388 271,000000;
711;711;435;RECETTES;CAC;01/01/2011;31/12/2011;46 424 002,000000;46 424 002,000000;
967;967;651;RECETTES;CAC;01/01/2007;31/12/2007;38 534 791,000000;38 534 791,000000;
456;456;178;RECETTES;CAC;01/01/2008;31/12/2008;32 101 256,000000;32 101 256,000000;
712;712;436;RECETTES;CAC;01/01/2012;30/06/2012;31 341 470,000000;31 341 470,000000;
968;968;652;RECETTES;CAC;01/01/2008;31/12/2008;29 182 960,000000;29 182 960,000000;
457;457;179;RECETTES;CAC;01/01/2009;31/12/2009;34 887 436,000000;34 887 436,000000;
713;713;437;RECETTES;CAC;01/01/2007;31/12/2007;5 367 896,000000;5 367 896,000000;
969;969;653;RECETTES;CAC;01/01/2009;31/12/2009;31 715 851,000000;31 715 851,000000;
458;458;180;RECETTES;CAC;01/01/2010;31/12/2010;63 997 273,000000;63 997 273,000000;
714;714;438;RECETTES;CAC;01/01/2008;31/12/2008;4 065 186,000000;4 065 186,000000;
970;970;654;RECETTES;CAC;01/01/2010;31/12/2010;58 179 340,000000;58 179 340,000000;
459;459;181;RECETTES;CAC;01/01/2011;31/12/2011;65 212 956,000000;65 212 956,000000;
715;715;439;RECETTES;CAC;01/01/2009;31/12/2009;4 418 017,000000;4 418 017,000000;
971;971;655;RECETTES;CAC;01/01/2011;31/12/2011;41 503 347,000000;41 503 347,000000;
460;460;182;RECETTES;CAC;01/01/2012;30/06/2012;40 956 635,000000;40 956 635,000000;
716;716;440;RECETTES;CAC;01/01/2010;31/12/2010;8 104 382,000000;8 104 382,000000;
972;972;656;RECETTES;CAC;01/01/2012;30/06/2012;28 823 347,000000;28 823 347,000000;
461;461;183;RECETTES;CAC;01/01/2007;31/12/2007;157 799 974,000000;157 799 974,000000;
717;717;441;RECETTES;CAC;01/01/2011;31/12/2011;21 278 378,000000;21 278 378,000000;
973;973;657;RECETTES;CAC;01/01/2007;31/12/2007;28 945 409,000000;28 945 409,000000;
462;462;184;RECETTES;CAC;01/01/2008;31/12/2008;119 504 223,000000;119 504 223,000000;
718;718;442;RECETTES;CAC;01/01/2012;31/12/2012;18 473 307,000000;18 473 307,000000;
974;974;658;RECETTES;CAC;01/01/2008;31/12/2008;21 920 780,000000;21 920 780,000000;
463;463;185;RECETTES;CAC;01/01/2009;31/12/2009;129 876 406,000000;129 876 406,000000;
719;719;443;RECETTES;CAC;01/01/2007;31/12/2007;32 282 522,000000;32 282 522,000000;
975;975;659;RECETTES;CAC;01/01/2009;31/12/2009;23 823 361,000000;23 823 361,000000;
464;464;186;RECETTES;CAC;01/01/2010;31/12/2010;238 244 396,000000;238 244 396,000000;
720;720;444;RECETTES;CAC;01/01/2008;31/12/2008;24 448 025,000000;24 448 025,000000;
976;976;660;RECETTES;CAC;01/01/2010;31/12/2010;43 701 411,000000;43 701 411,000000;
465;465;187;RECETTES;CAC;01/01/2011;31/12/2011;206 399 089,000000;206 399 089,000000;
721;721;445;RECETTES;CAC;01/01/2009;31/12/2009;26 569 954,000000;26 569 954,000000;
977;977;661;RECETTES;CAC;01/01/2011;31/12/2011;46 621 618,000000;46 621 618,000000;
466;466;188;RECETTES;CAC;01/01/2012;30/06/2012;113 208 025,000000;113 208 025,000000;
722;722;446;RECETTES;CAC;01/01/2010;31/12/2010;48 739 743,000000;48 739 743,000000;
978;978;662;RECETTES;CAC;01/01/2012;30/06/2012;31 442 599,000000;31 442 599,000000;
467;467;189;RECETTES;CAC;01/01/2007;31/12/2007;28 901 094,000000;28 901 094,000000;
723;723;447;RECETTES;CAC;01/01/2011;31/12/2011;48 474 824,000000;48 474 824,000000;
979;979;663;RECETTES;CAC;01/01/2007;31/12/2007;31 997 364,000000;31 997 364,000000;
468;468;190;RECETTES;CAC;01/01/2008;31/12/2008;21 887 219,000000;21 887 219,000000;
724;724;448;RECETTES;CAC;01/01/2012;31/12/2012;32 390 970,000000;32 390 970,000000;
980;980;664;RECETTES;CAC;01/01/2008;31/12/2008;24 232 071,000000;24 232 071,000000;
469;469;191;RECETTES;CAC;01/01/2009;31/12/2009;23 786 888,000000;23 786 888,000000;
725;725;449;RECETTES;CAC;01/01/2007;31/12/2007;56 081 610,000000;56 081 610,000000;
981;981;665;RECETTES;CAC;01/01/2009;31/12/2009;26 335 256,000000;26 335 256,000000;
470;470;192;RECETTES;CAC;01/01/2010;31/12/2010;43 634 505,000000;43 634 505,000000;
726;726;450;RECETTES;CAC;01/01/2008;31/12/2008;42 471 420,000000;42 471 420,000000;
982;982;666;RECETTES;CAC;01/01/2010;31/12/2010;48 309 215,000000;48 309 215,000000;
471;471;193;RECETTES;CAC;01/01/2011;31/12/2011;66 834 617,000000;66 834 617,000000;
727;727;451;RECETTES;CAC;01/01/2009;31/12/2009;46 157 663,000000;46 157 663,000000;
983;983;667;RECETTES;CAC;01/01/2011;31/12/2011;51 443 463,000000;51 443 463,000000;
472;472;194;RECETTES;CAC;01/01/2012;30/06/2012;40 676 843,000000;40 676 843,000000;
728;728;452;RECETTES;CAC;01/01/2010;31/12/2010;84 671 303,000000;84 671 303,000000;
984;984;668;RECETTES;CAC;01/01/2012;30/06/2012;33 910 159,000000;33 910 159,000000;
473;473;195;RECETTES;CAC;01/01/2007;31/12/2007;50 640 496,000000;50 640 496,000000;
729;729;453;RECETTES;CAC;01/01/2011;31/12/2011;93 239 392,000000;93 239 392,000000;
985;985;669;RECETTES;CAC;01/01/2007;31/12/2007;21 329 008,000000;21 329 008,000000;
474;474;196;RECETTES;CAC;01/01/2008;31/12/2008;38 350 788,000000;38 350 788,000000;
730;730;454;RECETTES;CAC;01/01/2012;30/06/2012;55 299 042,000000;55 299 042,000000;
986;986;670;RECETTES;CAC;01/01/2008;31/12/2008;16 152 768,000000;16 152 768,000000;
475;475;197;RECETTES;CAC;01/01/2009;31/12/2009;41 679 385,000000;41 679 385,000000;
987;987;671;RECETTES;CAC;01/01/2009;31/12/2009;17 554 723,000000;17 554 723,000000;
476;476;198;RECETTES;CAC;01/01/2010;31/12/2010;76 456 379,000000;76 456 379,000000;
988;988;672;RECETTES;CAC;01/01/2010;31/12/2010;32 202 263,000000;32 202 263,000000;
477;477;199;RECETTES;CAC;01/01/2011;31/12/2011;94 236 257,000000;94 236 257,000000;
733;733;455;RECETTES;CAC;01/01/2007;31/12/2007;30 066 771,000000;30 066 771,000000;
989;989;673;RECETTES;CAC;01/01/2011;31/12/2011;49 392 643,000000;49 392 643,000000;
478;478;200;RECETTES;CAC;01/01/2012;30/06/2012;55 809 184,000000;55 809 184,000000;
734;734;456;RECETTES;CAC;01/01/2008;31/12/2008;22 770 005,000000;22 770 005,000000;
990;990;674;RECETTES;CAC;01/01/2012;30/06/2012;32 860 660,000000;32 860 660,000000;
479;479;201;RECETTES;CAC;01/01/2007;31/12/2007;30 552 106,000000;30 552 106,000000;
735;735;457;RECETTES;CAC;01/01/2009;31/12/2009;24 746 293,000000;24 746 293,000000;
991;991;675;RECETTES;CAC;01/01/2007;31/12/2007;106 789 543,000000;106 789 543,000000;
480;480;202;RECETTES;CAC;01/01/2008;31/12/2008;35 992 318,000000;35 992 318,000000;
736;736;458;RECETTES;CAC;01/01/2010;31/12/2010;45 394 429,000000;45 394 429,000000;
992;992;676;RECETTES;CAC;01/01/2008;31/12/2008;80 873 278,000000;80 873 278,000000;
481;481;203;RECETTES;CAC;01/01/2009;31/12/2009;39 116 216,000000;39 116 216,000000;
737;737;459;RECETTES;CAC;01/01/2011;31/12/2011;43 363 139,000000;43 363 139,000000;
993;993;677;RECETTES;CAC;01/01/2009;31/12/2009;87 892 552,000000;87 892 552,000000;
482;482;204;RECETTES;CAC;01/01/2010;31/12/2010;71 754 519,000000;71 754 519,000000;
738;738;460;RECETTES;CAC;01/01/2012;30/06/2012;29 775 087,000000;29 775 087,000000;
994;994;678;RECETTES;CAC;01/01/2010;31/12/2010;161 229 497,000000;161 229 497,000000;
483;483;205;RECETTES;CAC;01/01/2011;31/12/2011;66 025 379,000000;66 025 379,000000;
995;995;679;RECETTES;CAC;01/01/2011;31/12/2011;151 982 046,000000;151 982 046,000000;
484;484;206;RECETTES;CAC;01/01/2012;30/06/2012;41 372 390,000000;41 372 390,000000;
996;996;680;RECETTES;CAC;01/01/2012;30/06/2012;85 360 339,000000;85 360 339,000000;
485;485;207;RECETTES;CAC;01/01/2007;31/12/2007;23 120 875,000000;23 120 875,000000;
997;997;681;RECETTES;CAC;01/01/2007;31/12/2007;48 168 490,000000;48 168 490,000000;
486;486;208;RECETTES;CAC;01/01/2008;31/12/2008;17 509 777,000000;17 509 777,000000;
998;998;682;RECETTES;CAC;01/01/2008;31/12/2008;36 478 702,000000;36 478 702,000000;
487;487;209;RECETTES;CAC;01/01/2009;31/12/2009;19 029 511,000000;19 029 511,000000;
999;999;683;RECETTES;CAC;01/01/2009;31/12/2009;39 644 814,000000;39 644 814,000000;
488;488;210;RECETTES;CAC;01/01/2010;31/12/2010;34 907 605,000000;34 907 605,000000;
1000;1000;684;RECETTES;CAC;01/01/2010;31/12/2010;72 724 175,000000;72 724 175,000000;
489;489;211;RECETTES;CAC;01/01/2011;31/12/2011;49 915 228,000000;49 915 228,000000;
1001;1001;685;RECETTES;CAC;01/01/2011;31/12/2011;75 225 533,000000;75 225 533,000000;
490;490;212;RECETTES;CAC;01/01/2012;30/06/2012;33 128 091,000000;33 128 091,000000;
1002;1002;686;RECETTES;CAC;01/01/2012;30/06/2012;46 080 529,000000;46 080 529,000000;
491;491;213;RECETTES;CAC;01/01/2007;31/12/2007;30 552 106,000000;30 552 106,000000;
1003;1003;687;RECETTES;CAC;01/01/2007;31/12/2007;23 120 875,000000;23 120 875,000000;
492;492;214;RECETTES;CAC;01/01/2008;31/12/2008;35 992 318,000000;35 992 318,000000;
1004;1004;688;RECETTES;CAC;01/01/2008;31/12/2008;17 509 777,000000;17 509 777,000000;
493;493;215;RECETTES;CAC;01/01/2009;31/12/2009;39 116 216,000000;39 116 216,000000;
1005;1005;689;RECETTES;CAC;01/01/2011;31/12/2011;19 029 511,000000;19 029 511,000000;
494;494;216;RECETTES;CAC;01/01/2010;31/12/2010;71 754 519,000000;71 754 519,000000;
1006;1006;690;RECETTES;CAC;01/01/2010;31/12/2010;34 907 605,000000;34 907 605,000000;
495;495;217;RECETTES;CAC;01/01/2011;31/12/2011;86 461 749,000000;86 461 749,000000;
1007;1007;691;RECETTES;CAC;01/01/2011;31/12/2011;41 417 713,000000;41 417 713,000000;
496;496;218;RECETTES;CAC;01/01/2012;30/06/2012;45 449 031,000000;45 449 031,000000;
1008;1008;692;RECETTES;CAC;01/01/2012;30/06/2012;28 779 524,000000;28 779 524,000000;
497;497;219;RECETTES;CAC;01/01/2007;31/12/2007;15 150 132,000000;15 150 132,000000;
1009;1009;693;RECETTES;CAC;01/01/2007;31/12/2007;24 621 805,000000;24 621 805,000000;
498;498;220;RECETTES;CAC;01/01/2008;31/12/2008;14 420 893,000000;14 420 893,000000;
1010;1010;694;RECETTES;CAC;01/01/2008;31/12/2008;18 646 452,000000;18 646 452,000000;
499;499;221;RECETTES;CAC;01/01/2009;31/12/2009;14 786 137,000000;14 786 137,000000;
1011;1011;695;RECETTES;CAC;01/01/2009;31/12/2009;20 264 842,000000;20 264 842,000000;
500;500;222;RECETTES;CAC;01/01/2010;31/12/2010;24 718 107,000000;24 718 107,000000;
1012;1012;696;RECETTES;CAC;01/01/2010;31/12/2010;37 173 689,000000;37 173 689,000000;
501;501;223;RECETTES;CAC;01/01/2011;31/12/2011;61 384 767,000000;61 384 767,000000;
1013;1013;697;RECETTES;CAC;01/01/2011;31/12/2011;32 035 310,000000;32 035 310,000000;
502;502;224;RECETTES;CAC;01/01/2012;30/06/2012;43 606 936,000000;43 606 936,000000;
1014;1014;698;RECETTES;CAC;01/01/2012;30/06/2012;23 978 121,000000;23 978 121,000000;
503;503;225;RECETTES;CAC;01/01/2007;31/12/2007;15 150 132,000000;15 150 132,000000;
1015;1015;699;RECETTES;CAC;01/01/2007;31/12/2007;26 644 881,000000;26 644 881,000000;
504;504;226;RECETTES;CAC;01/01/2008;31/12/2008;14 420 893,000000;14 420 893,000000;
1016;1016;700;RECETTES;CAC;01/01/2008;31/12/2008;20 178 558,000000;20 178 558,000000;
505;505;227;RECETTES;CAC;01/01/2009;31/12/2009;14 786 137,000000;14 786 137,000000;
1017;1017;701;RECETTES;CAC;01/01/2009;31/12/2009;21 929 925,000000;21 929 925,000000;
506;506;228;RECETTES;CAC;01/01/2010;31/12/2010;24 718 107,000000;24 718 107,000000;
1018;1018;702;RECETTES;CAC;01/01/2010;31/12/2010;40 228 105,000000;40 228 105,000000;
507;507;229;RECETTES;CAC;01/01/2011;31/12/2011;65 639 855,000000;65 639 855,000000;
1019;1019;703;RECETTES;CAC;01/01/2011;31/12/2011;39 849 953,000000;39 849 953,000000;
508;508;230;RECETTES;CAC;01/01/2012;30/06/2012;46 177 931,000000;46 177 931,000000;
1020;1020;704;RECETTES;CAC;01/01/2012;30/06/2012;27 977 230,000000;27 977 230,000000;
509;509;231;RECETTES;CAC;01/01/2007;31/12/2007;15 150 132,000000;15 150 132,000000;
1021;1021;705;RECETTES;CAC;01/01/2007;31/12/2007;20 481 242,000000;20 481 242,000000;
510;510;232;RECETTES;CAC;01/01/2008;31/12/2008;14 420 893,000000;14 420 893,000000;
1022;1022;706;RECETTES;CAC;01/01/2008;31/12/2008;15 510 743,000000;15 510 743,000000;
511;511;233;RECETTES;CAC;01/01/2009;31/12/2009;14 786 137,000000;14 786 137,000000;
1023;1023;707;RECETTES;CAC;01/01/2009;31/12/2009;16 856 975,000000;16 856 975,000000;
61;61;14;DEPENSES;Credits transferes;01/01/2014;31/12/2014;0,000000;350 000 000,000000;Transfert de competences
66;66;22;RECETTES;Credits transferes;01/01/2012;31/12/2012;0,000000;79 751 706,000000;Ressources transferees 
70;70;19;RECETTES;Credits transferes;01/01/2010;31/12/2010;0,000000;62 896 912,000000;Ressources transferees 
77;77;19;RECETTES;Credits transferes;01/01/2011;31/12/2011;0,000000;59 400 941,000000;Ressources transferees 
922;922;606;RECETTES;Credits transferes;01/01/2009;31/12/2009;26 958 473,000000;26 958 473,000000;
177;177;74;RECETTES;Credits transferes;01/01/2010;31/12/2010;85 579 037,000000;85 579 037,000000;
260;260;74;RECETTES;Droit d'occupation temporaire de voie;01/01/2010;31/12/2010;2 000 000,000000;2 000 000,000000;
269;269;75;RECETTES;Droit d'occupation temporaire de voie;01/01/2011;31/12/2011;5 000 000,000000;5 000 000,000000;
250;250;73;RECETTES;Droit d'occupation temporaire de voie;01/01/2009;31/12/2009;3 500 000,000000;3 500 000,000000;
33;33;4;;Droit de fouriere;;;0,000000;3 000,000000;
43;43;5;;Droit de fouriere;;;0,000000;75 000,000000;
53;53;6;;Droit de fouriere;;;0,000000;34 000,000000;
259;259;74;RECETTES;Droit de permis de batir;01/01/2010;31/12/2010;2 500 000,000000;2 500 000,000000;
268;268;75;RECETTES;Droit de permis de batir;01/01/2011;31/12/2011;5 000 000,000000;5 000 000,000000;
249;249;73;RECETTES;Droit de permis de batir;01/01/2009;31/12/2009;2 500 000,000000;2 500 000,000000;
258;258;74;RECETTES;Droit de place sur le marche;01/01/2010;31/12/2010;7 500 000,000000;7 500 000,000000;
267;267;75;RECETTES;Droit de place sur le marche;01/01/2011;31/12/2011;10 000 000,000000;10 000 000,000000;
30;30;4;;Droit de place sur le marche;;;0,000000;1 069 900,000000;
40;40;5;;Droit de place sur le marche;;;0,000000;984 700,000000;
50;50;6;;Droit de place sur le marche;;;0,000000;1 210 950,000000;
248;248;73;RECETTES;Droit de place sur le marche;01/01/2009;31/12/2009;12 500 000,000000;12 500 000,000000;
36;36;4;;Droit de quai;;;0,000000;198 500,000000;
46;46;5;;Droit de quai;;;0,000000;208 000,000000;
56;56;6;;Droit de quai;;;0,000000;331 000,000000;
270;270;75;RECETTES;Droit de stationnement;01/01/2011;31/12/2011;1 000 000,000000;1 000 000,000000;
34;34;4;;Droit de stationnement;;;0,000000;66 000,000000;
44;44;5;;Droit de stationnement;;;0,000000;126 350,000000;
54;54;6;;Droit de stationnement;;;0,000000;228 000,000000;
251;251;73;RECETTES;Droit de stationnement;01/01/2009;31/12/2009;1 000 000,000000;1 000 000,000000;
29;29;4;;Droit et timbre;;;0,000000;669 200,000000;
39;39;5;;Droit et timbre;;;0,000000;927 000,000000;
49;49;6;;Droit et timbre;;;0,000000;598 000,000000;
71;71;19;RECETTES;Droit et timbre;01/01/2010;31/12/2010;0,000000;24 970 806,000000;RECETTES FISCALES 
73;73;22;RECETTES;Droit et timbre;01/01/2012;31/12/2012;0,000000;198 292 786,000000;RECETTES FISCALES 
78;78;19;RECETTES;Droit et timbre;01/01/2011;31/12/2011;0,000000;34 787 021,000000;RECETTES FISCALES 
291;291;77;DEPENSES;Depenses de fonctionnement courant;01/01/2011;31/12/2011;128 121 456,000000;93 005 699,000000;
304;304;78;DEPENSES;Depenses de fonctionnement courant;01/01/2012;31/12/2012;93 005 699,000000;59 763 196,000000;
312;312;62;DEPENSES;Depenses de fonctionnement courant;01/01/2011;31/12/2011;4 256 046,000000;4 256 046,000000;
316;316;63;DEPENSES;Depenses de fonctionnement courant;01/01/2012;31/12/2012;35 274 412,000000;35 274 412,000000;
320;320;64;DEPENSES;Depenses de fonctionnement courant;01/01/2013;31/12/2013;20 110 586,000000;20 110 586,000000;
322;322;85;RECETTES;Depenses de fonctionnement courant;01/01/2009;31/12/2009;354 902 800,000000;245 798 867,000000;
355;355;104;FONCTIONNEMENT;Depenses de fonctionnement courant;01/01/2011;31/12/2011;45 141 330,000000;39 701 044,000000;
371;371;105;FONCTIONNEMENT;Depenses de fonctionnement courant;01/01/2012;31/12/2012;89 524 500,000000;48 075 672,000000;
387;387;106;FONCTIONNEMENT;Depenses de fonctionnement courant;01/01/2013;31/12/2013;51 801 100,000000;37 868 925,000000;
310;310;62;DEPENSES;Depenses du personnel;01/01/2011;31/12/2011;12 477 076,000000;12 477 076,000000;
314;314;63;DEPENSES;Depenses du personnel;01/01/2012;31/12/2012;69 180 308,000000;69 180 308,000000;
318;318;64;DEPENSES;Depenses du personnel;01/12/2013;31/12/2013;71 031 234,000000;71 031 234,000000;
353;353;104;FONCTIONNEMENT;Depenses du personnel;01/01/2011;31/12/2011;39 671 544,000000;27 845 167,000000;
369;369;105;FONCTIONNEMENT;Depenses du personnel;01/01/2012;31/12/2012;31 177 798,000000;26 121 997,000000;
385;385;106;FONCTIONNEMENT;Depenses du personnel;01/01/2013;31/12/2013;32 162 905,000000;21 874 325,000000;
278;278;65;DEPENSES;Depenses pour l'equipe Municipal;01/01/2010;31/12/2010;24 752 500,000000;15 685 649,000000;
290;290;77;DEPENSES;Depenses pour l'equipe Municipal;01/01/2011;31/12/2011;76 141 214,000000;47 806 194,000000;
303;303;78;DEPENSES;Depenses pour l'equipe Municipal;01/01/2012;31/12/2012;140 699 299,000000;34 442 557,000000;
311;311;62;DEPENSES;Depenses pour l'equipe Municipal;01/01/2011;31/12/2011;8 614 840,000000;8 614 840,000000;
315;315;63;DEPENSES;Depenses pour l'equipe Municipal;01/01/2012;31/12/2012;16 829 080,000000;16 829 080,000000;
319;319;64;DEPENSES;Depenses pour l'equipe Municipal;01/01/2013;31/12/2013;17 758 775,000000;17 758 775,000000;
354;354;104;FONCTIONNEMENT;Depenses pour l'equipe Municipal;01/01/2011;31/12/2011;0,000000;0,000000;
370;370;105;FONCTIONNEMENT;Depenses pour l'equipe Municipal;01/01/2012;31/12/2012;0,000000;0,000000;
386;386;106;FONCTIONNEMENT;Depenses pour l'equipe Municipal;01/01/2013;31/12/2013;0,000000;0,000000;
224;224;73;DEPENSES;Depenses pour l'equipe Municipal;01/01/2009;31/12/2009;38 099 969,000000;38 099 969,000000;
235;235;74;DEPENSES;Depenses pour l'equipe Municipal;01/01/2010;31/12/2010;20 790 050,000000;20 790 050,000000;
246;246;75;DEPENSES;Depenses pour l'equipe Municipal;01/01/2011;31/12/2011;33 482 000,000000;33 482 000,000000;
174;174;73;RECETTES;Emprunt e LMT;01/01/2009;31/12/2009;20 444 320,000000;20 444 320,000000;
191;191;74;RECETTES;Emprunt e LMT;01/01/2010;31/12/2010;46 309 200,000000;46 309 200,000000;
209;209;75;RECETTES;Emprunt e LMT;01/01/2011;31/12/2011;10 000 000,000000;10 000 000,000000;
360;360;104;INVESTISSEMENT;Engins;01/01/2011;31/12/2011;1 000 000,000000;0,000000;
376;376;105;INVESTISSEMENT;Engins;01/01/2012;31/12/2012;1 000 000,000000;945 000,000000;
392;392;106;INVESTISSEMENT;Engins;01/01/2013;31/12/2013;2 000 000,000000;1 890 000,000000;
280;280;65;DEPENSES;Entretien du patrimoine communal ;01/01/2010;31/12/2010;54 115 033,000000;49 158 011,000000;
292;292;77;DEPENSES;Entretien du patrimoine communal ;01/01/2011;31/12/2011;4 867 926,000000;5 000 000,000000;
305;305;78;DEPENSES;Entretien du patrimoine communal ;01/01/2012;31/12/2012;5 000 000,000000;3 031 600,000000;
357;357;104;FONCTIONNEMENT;Entretien du patrimoine communal ;01/01/2011;31/12/2011;3 550 000,000000;0,000000;
373;373;105;FONCTIONNEMENT;Entretien du patrimoine communal ;01/01/2012;31/12/2012;3 840 000,000000;3 771 860,000000;
389;389;106;FONCTIONNEMENT;Entretien du patrimoine communal ;01/01/2013;31/12/2013;26 639 050,000000;10 316 416,000000;
283;283;65;DEPENSES;Equipements divers;01/01/2010;31/12/2010;90 436 116,000000;26 667 355,000000;
295;295;77;DEPENSES;Equipements divers;01/01/2011;31/12/2011;80 896 216,000000;140 699 299,000000;
308;308;78;DEPENSES;Equipements divers;01/01/2012;31/12/2012;140 699 299,000000;34 442 557,000000;
362;362;104;INVESTISSEMENT;Equipements divers;01/01/2011;31/12/2011;23 300 000,000000;22 300 000,000000;
378;378;105;INVESTISSEMENT;Equipements divers;01/01/2012;31/12/2012;78 312 902,000000;49 993 806,000000;
394;394;106;INVESTISSEMENT;Equipements divers;01/01/2013;31/12/2013;57 850 000,000000;24 763 014,000000;
4;4;69;RECETTES;FEICOM (CAC);01/01/2012;31/12/2012;75 000 000,000000;75 000 000,000000;
11;11;66;RECETTES;FEICOM (CAC);01/01/2016;31/12/2016;50 000 000,000000;50 000 000,000000;
12;12;72;RECETTES;FEICOM (CAC);01/01/2015;31/12/2015;247 390 661,000000;247 390 661,000000;
15;15;71;RECETTES;FEICOM (CAC);01/01/2014;31/12/2014;240 185 108,000000;240 185 108,000000;
18;18;70;RECETTES;FEICOM (CAC);01/01/2013;31/12/2013;174 689 425,000000;174 689 425,000000;
59;59;14;RECETTES;FEICOM (CAC);01/01/2014;31/12/2014;0,000000;100 000 000,000000;"Acquis
66% fonctionnement et 33 % d'investissement 
"
63;63;16;RECETTES;FEICOM (CAC);01/01/2011;31/12/2011;0,000000;957 000 000,000000;"70 000 000   Salles de classe, Akomnyada, Nkolnyama, Mbockulu, Nkong si 
1000 000   Entretien routier, 600 000   Secours aux indigents , 600 000   CPFF 
 Recettes  propres issues des taxes communales"
67;67;22;RECETTES;FEICOM (CAC);01/01/2012;31/12/2012;0,000000;648 260 844,000000;CAC 
69;69;19;RECETTES;FEICOM (CAC);01/01/2010;31/12/2010;0,000000;453 182 102,000000;CAC 
76;76;19;RECETTES;FEICOM (CAC);01/01/2011;31/12/2011;0,000000;637 145 197,000000;CAC
84;84;32;RECETTES;FEICOM (CAC);01/01/2014;31/12/2014;297 000 000,000000;297 000 000,000000;
171;171;73;RECETTES;Fonds de dotation;01/01/2009;31/12/2009;50 100 000,000000;50 100 000,000000;
188;188;74;RECETTES;Fonds de dotation;01/01/2010;31/12/2010;50 450 000,000000;50 450 000,000000;
206;206;75;RECETTES;Fonds de dotation;01/01/2011;31/12/2011;43 959 275,000000;43 959 275,000000;
125;125;60;DEPENSES;Frais financiers;;;2 000 000,000000;2 000 000,000000;
150;150;61;DEPENSES;Frais financiers;;;2 000 000,000000;2 000 000,000000;
215;215;73;DEPENSES;Frais financiers;01/01/2009;31/12/2009;200 000,000000;200 000,000000;
227;227;74;DEPENSES;Frais financiers;01/01/2010;31/12/2010;76 866 751,000000;76 866 751,000000;
229;229;74;DEPENSES;Frais financiers;01/01/2010;31/12/2010;10 000,000000;10 000,000000;
238;238;75;DEPENSES;Frais financiers;01/01/2011;31/12/2011;500 000,000000;500 000,000000;
277;277;65;DEPENSES;Frais personnels;01/01/2010;31/12/2010;57 186 113,000000;47 496 713,000000;
289;289;77;DEPENSES;Frais personnels;01/01/2011;31/12/2011;77 739 009,000000;26 663 250,000000;
302;302;78;DEPENSES;Frais personnels;01/01/2012;31/12/2012;94 533 922,000000;47 401 943,000000;
337;337;91;FONCTIONNEMENT;Frais personnels;01/01/2011;31/12/2011;32 295 212,000000;0,000000; Les biens et services consommees ainsi que les frais du personnel sont la principale prevision de fonctionnement.
102;102;59;DEPENSES;Frais personnels;;;35 417 317,000000;35 417 317,000000;
123;123;60;DEPENSES;Frais personnels;;;38 937 992,000000;38 937 992,000000;
148;148;61;DEPENSES;Frais personnels;;;40 460 000,000000;40 460 000,000000;
205;205;75;DEPENSES;Frais personnels;01/01/2011;31/12/2011;85 328 250,000000;85 328 250,000000;
213;213;73;DEPENSES;Frais personnels;01/01/2009;31/12/2009;71 583 375,000000;71 583 375,000000;
740;740;129;FONCTIONNEMENT;Frais personnels;01/01/2012;31/12/2012;29 951 252,000000;0,000000;
754;754;461;FONCTIONNEMENT;Frais personnels;01/01/2013;31/12/2013;34 228 684,000000;0,000000;
108;108;59;DEPENSES;Immobilisations    incorporelles et   depenses   payables   par annuite;;;3 200 000,000000;3 200 000,000000;
131;131;60;DEPENSES;Immobilisations    incorporelles et   depenses   payables   par annuite;;;1 000 000,000000;1 000 000,000000;
155;155;61;DEPENSES;Immobilisations    incorporelles et   depenses   payables   par annuite;;;2 000 000,000000;2 000 000,000000;
262;262;75;RECETTES;Impet liberatoire;01/01/2011;31/12/2011;2 000 000,000000;2 000 000,000000;
194;194;73;RECETTES;Impet liberatoire;01/01/2009;31/12/2009;21 118 091,000000;21 118 091,000000;
253;253;74;RECETTES;Impet liberatoire;01/01/2010;31/12/2010;16 846 963,000000;16 846 963,000000;
338;338;91;FONCTIONNEMENT;Impets et taxes;01/01/2011;31/12/2011;1 300 000,000000;0,000000;
103;103;59;DEPENSES;Impets et taxes;;;1 150 000,000000;1 150 000,000000;
124;124;60;DEPENSES;Impets et taxes;;;2 050 000,000000;2 050 000,000000;
149;149;61;DEPENSES;Impets et taxes;;;1 050 000,000000;1 050 000,000000;
163;163;73;RECETTES;Impets et taxes;01/01/2009;31/12/2009;4 400 000,000000;4 400 000,000000;
164;164;73;RECETTES;Impets et taxes;01/01/2009;31/12/2009;38 990 000,000000;38 990 000,000000;
179;179;74;RECETTES;Impets et taxes;01/01/2010;31/12/2010;1 400 000,000000;1 400 000,000000;
180;180;74;RECETTES;Impets et taxes;01/01/2010;31/12/2010;19 990 000,000000;19 990 000,000000;
197;197;75;RECETTES;Impets et taxes;01/01/2011;31/12/2011;1 400 000,000000;1 400 000,000000;
198;198;75;RECETTES;Impets et taxes;01/01/2011;31/12/2011;45 600 000,000000;45 600 000,000000;
212;212;75;DEPENSES;Impets et taxes;01/01/2011;31/12/2011;1 650 000,000000;1 650 000,000000;
214;214;73;DEPENSES;Impets et taxes;01/01/2009;31/12/2009;650 000,000000;650 000,000000;
228;228;74;DEPENSES;Impets et taxes;01/01/2010;31/12/2010;500 000,000000;500 000,000000;
741;741;129;FONCTIONNEMENT;Impets et taxes;01/01/2012;31/12/2012;1 400 000,000000;0,000000;
755;755;461;FONCTIONNEMENT;Impets et taxes;01/01/2013;31/12/2013;1 400 000,000000;0,000000;
264;264;75;RECETTES;Licence;01/01/2011;31/12/2011;6 900 000,000000;6 900 000,000000;
184;184;73;RECETTES;Licence;01/01/2009;31/12/2009;7 000 000,000000;7 000 000,000000;
255;255;74;RECETTES;Licence;01/01/2010;31/12/2010;2 534 785,000000;2 534 785,000000;
35;35;4;;Location des meubles ;;;0,000000;94 000,000000;
45;45;5;;Location des meubles ;;;0,000000;4 000,000000;
55;55;6;;Location des meubles ;;;0,000000;10 000,000000;
31;31;4;;Loyer des immeubles communaux;;;0,000000;138 250,000000;
41;41;5;;Loyer des immeubles communaux;;;0,000000;90 000,000000;
51;51;6;;Loyer des immeubles communaux;;;0,000000;68 000,000000;
261;261;74;RECETTES;Loyers d'immeubles communaux;01/01/2010;31/12/2010;5 000 000,000000;5 000 000,000000;
271;271;75;RECETTES;Loyers d'immeubles communaux;01/01/2011;31/12/2011;14 030 565,000000;14 030 565,000000;
252;252;73;RECETTES;Loyers d'immeubles communaux;01/01/2009;31/12/2009;15 000 000,000000;15 000 000,000000;
178;178;73;DEPENSES;Matieres et fournitures consommees;01/01/2009;31/12/2009;61 725 000,000000;61 725 000,000000;
226;226;74;DEPENSES;Matieres et fournitures consommees;01/01/2010;31/12/2010;53 192 405,000000;53 192 405,000000;
237;237;75;DEPENSES;Matieres et fournitures consommees;01/01/2011;31/12/2011;97 200 400,000000;97 200 400,000000;
346;346;91;INVESTISSEMENT;Mateiels et Mobiliers;01/01/2011;31/12/2011;45 950 000,000000;0,000000;
111;111;59;DEPENSES;Mateiels et Mobiliers;;;192 100 000,000000;192 100 000,000000;
158;158;61;DEPENSES;Mateiels et Mobiliers;;;5 600 000,000000;5 600 000,000000;
749;749;129;INVESTISSEMENT;Mateiels et Mobiliers;01/01/2012;31/12/2012;50 950 000,000000;0,000000;
763;763;461;INVESTISSEMENT;Mateiels et Mobiliers;01/01/2013;31/12/2013;62 064 132,000000;0,000000;
7;7;69;RECETTES;PNDP;01/01/2012;31/12/2012;96 590 000,000000;96 590 000,000000;
60;60;14;RECETTES;PNDP;01/01/2014;31/12/2014;0,000000;31 843 282,000000;"Eligible aux financements PNDP (reallocation C2D)
66% fonctionnement et 33 % d'investissement "
64;64;16;RECETTES;PNDP;01/01/2011;31/12/2011;0,000000;131 700 000,000000;"30 000 000   Allocation PNDP, 70 000 000   Rehabilitation  axe Abang- 
Nkoumadzap-Nkolnyama-Mekomo (17,5 km), 3 600 000   Equipements en 120 tables bancs 
(CES Nkolnyama, Nkolngock), 10 500 000   Construire des latrines (CES 
(Nkolnyama, Nkolngock, Ekombitie)), 3 600 000   Construire des latrines EP 
(Zamakoe, Avebe, Nkoumadzap, Mekomo), 14 000 000   Equipements en 120 tables EP 
bancs (Zamakoe, Ekombitie), Eligibilite au financement PNDP "
83;83;32;RECETTES;PNDP;01/01/2014;31/12/2014;53 436 800,000000;53 436 800,000000;
282;282;65;DEPENSES;Participation au fonctionnement d'autres structures;01/01/2010;31/12/2010;17 429 920,000000;17 134 480,000000;
294;294;77;DEPENSES;Participation au fonctionnement d'autres structures;01/01/2011;31/12/2011;18 193 500,000000;18 929 600,000000;
307;307;78;DEPENSES;Participation au fonctionnement d'autres structures;01/01/2012;31/12/2012;18 929 600,000000;3 300 000,000000;
359;359;104;FONCTIONNEMENT;Participation au fonctionnement d'autres structures;01/01/2011;31/12/2011;0,000000;0,000000;
375;375;105;FONCTIONNEMENT;Participation au fonctionnement d'autres structures;01/01/2012;31/12/2012;0,000000;0,000000;
391;391;106;FONCTIONNEMENT;Participation au fonctionnement d'autres structures;01/01/2013;31/12/2013;0,000000;0,000000;
112;112;59;DEPENSES;Participations;;;133 000,000000;133 000,000000;
162;162;61;DEPENSES;Participations;;;3 000 000,000000;3 000 000,000000;
223;223;73;DEPENSES;Participations;01/01/2009;31/12/2009;500 000,000000;500 000,000000;
245;245;75;DEPENSES;Participations;01/01/2011;31/12/2011;1 500 000,000000;1 500 000,000000;
263;263;75;RECETTES;Patente;01/01/2011;31/12/2011;10 000 000,000000;10 000 000,000000;
187;187;73;RECETTES;Patente;01/01/2009;31/12/2009;12 500 000,000000;12 500 000,000000;
254;254;74;RECETTES;Patente;01/01/2010;31/12/2010;4 998 502,000000;4 998 502,000000;
27;27;4;;Patente, Licence, Impets;;;0,000000;1 602 549,000000;
37;37;5;;Patente, Licence, Impets;;;0,000000;1 734 926,000000;
47;47;6;;Patente, Licence, Impets;;;0,000000;3 378 856,000000;
68;68;19;RECETTES;Patente, Licence, Impets;01/01/2010;31/12/2010;0,000000;10 656 853,000000;Taxes communales
72;72;19;RECETTES;Patente, Licence, Impets;01/01/2010;31/12/2010;0,000000;1 976 600,000000;TAXES COMMUNALES INDIRECTES 
74;74;22;RECETTES;Patente, Licence, Impets;01/01/2012;31/12/2012;0,000000;3 458 135,000000;Taxes communales 
75;75;22;RECETTES;Patente, Licence, Impets;01/01/2012;31/12/2012;0,000000;16 543 970,000000;TAXES COMMUNALES INDIRECTES 
79;79;19;RECETTES;Patente, Licence, Impets;01/01/2011;31/12/2011;0,000000;3 902 370,000000;Taxes communales 
80;80;19;RECETTES;Patente, Licence, Impets;01/01/2011;31/12/2011;0,000000;18 090 870,000000;TAXES COMMUNALES INDIRECTES 
86;86;32;RECETTES;Population locales beneficiares;01/01/2014;31/12/2014;5 466 125,000000;5 466 125,000000;
94;94;59;RECETTES;Produit   de   leexploitation   du domaine et des services;;;2 300 000,000000;2 300 000,000000;
117;117;60;RECETTES;Produit   de   leexploitation   du domaine et des services;;;24 500 000,000000;24 500 000,000000;
140;140;61;RECETTES;Produit   de   leexploitation   du domaine et des services;;;9 000 000,000000;9 000 000,000000;
165;165;73;RECETTES;Produit   de   leexploitation   du domaine et des services;01/01/2009;31/12/2009;30 650 000,000000;30 650 000,000000;
181;181;74;RECETTES;Produit   de   leexploitation   du domaine et des services;01/01/2010;31/12/2010;11 450 000,000000;11 450 000,000000;
199;199;75;RECETTES;Produit   de   leexploitation   du domaine et des services;01/01/2011;31/12/2011;20 730 555,000000;20 730 555,000000;
768;768;129;RECETTES;Produit de leexploitation   du domaine et des services;01/01/2012;31/12/2012;1 993 500,000000;0,000000;
774;774;461;RECETTES;Produit de leexploitation   du domaine et des services;01/01/2013;31/12/2013;1 993 500,000000;0,000000;
323;323;85;RECETTES;Produit de leexploitation   du domaine et des services;01/01/2009;31/12/2009;52 500 000,000000;33 801 216,000000;
331;331;91;RECETTES;Produit de leexploitation   du domaine et des services;01/01/2011;31/12/2011;3 493 500,000000;0,000000;
19;19;16;RECETTES;Produit des taxes communales ;01/01/2011;31/12/2011;0,000000;2 200 000,000000;"1 000 000   Entretien routier 
600 000   Secours aux indigents 
600 000   CPFF "
93;93;59;RECETTES;Produit des taxes communales ;;;15 500 000,000000;15 500 000,000000;
116;116;60;RECETTES;Produit des taxes communales ;;;17 900 000,000000;17 900 000,000000;
139;139;61;RECETTES;Produit des taxes communales ;;;10 700 000,000000;10 700 000,000000;
167;167;73;RECETTES;Produits financiers;01/01/2009;31/12/2009;100 000,000000;100 000,000000;
183;183;74;RECETTES;Produits financiers;01/01/2010;31/12/2010;100 000,000000;100 000,000000;
201;201;75;RECETTES;Produits financiers;01/01/2011;31/12/2011;100 000,000000;100 000,000000;
28;28;4;;Publicite;;;0,000000;50 000,000000;
38;38;5;;Publicite;;;0,000000;20 000,000000;
48;48;6;;Publicite;;;0,000000;67 000,000000;
98;98;59;RECETTES;Recettes d'investissements;;;143 610 138,000000;143 610 138,000000;
119;119;60;RECETTES;Recettes d'investissements;;;144 868 603,000000;144 868 603,000000;
144;144;61;RECETTES;Recettes d'investissements;;;284 164 379,000000;284 164 379,000000;
771;771;461;RECETTES;Recettes fiscales;01/01/2013;31/12/2013;15 864 900,000000;0,000000;
10;10;73;RECETTES;Recettes fiscales;01/01/2009;31/12/2009;51 098 091,000000;51 098 091,000000;
275;275;65;RECETTES;Recettes fiscales;01/01/2010;31/12/2010;30 900 000,000000;9 701 340,000000;
287;287;77;RECETTES;Recettes fiscales;01/01/2011;31/12/2011;138 845 938,000000;61 092 213,000000;
300;300;78;RECETTES;Recettes fiscales;01/01/2012;31/12/2012;158 245 433,000000;70 214 587,000000;
328;328;91;RECETTES;Recettes fiscales;01/01/2011;31/12/2011;15 864 900,000000;0,000000;
90;90;59;RECETTES;Recettes fiscales;;;97 400 000,000000;97 400 000,000000;
351;351;104;RECETTES;Recettes fiscales;01/01/2011;31/12/2011;30 000 199,000000;28 258 199,000000;
367;367;105;RECETTES;Recettes fiscales;01/01/2012;31/12/2012;38 160 000,000000;10 050 500,000000;
113;113;60;RECETTES;Recettes fiscales;;;109 600 000,000000;109 600 000,000000;
383;383;106;RECETTES;Recettes fiscales;01/01/2013;31/12/2013;14 295 600,000000;5 077 500,000000;
137;137;61;RECETTES;Recettes fiscales;;;84 000 000,000000;84 000 000,000000;
176;176;74;RECETTES;Recettes fiscales;01/01/2010;31/12/2010;34 780 250,000000;34 780 250,000000;
195;195;75;RECETTES;Recettes fiscales;01/01/2011;31/12/2011;32 210 665,000000;32 210 665,000000;
765;765;129;RECETTES;Recettes fiscales;01/01/2012;31/12/2012;15 864 900,000000;0,000000;
107;107;59;DEPENSES;Remboursement   dettes   des engagements e LMT;;;13 949 452,000000;13 949 452,000000;
130;130;60;DEPENSES;Remboursement   dettes   des engagements e LMT;;;11 504 643,000000;11 504 643,000000;
154;154;61;DEPENSES;Remboursement   dettes   des engagements e LMT;;;41 504 643,000000;41 504 643,000000;
220;220;73;DEPENSES;Remboursement   dettes   des engagements e LMT;01/01/2009;31/12/2009;3 500 000,000000;3 500 000,000000;
221;221;73;DEPENSES;Remboursement   dettes   des engagements e LMT;01/01/2009;31/12/2009;14 744 863,000000;14 744 863,000000;
233;233;74;DEPENSES;Remboursement   dettes   des engagements e LMT;01/01/2010;31/12/2010;1 840 000,000000;1 840 000,000000;
746;746;129;INVESTISSEMENT;Remboursement   dettes   des engagements e LMT;01/01/2012;31/12/2012;7 000 000,000000;0,000000;
242;242;75;DEPENSES;Remboursement   dettes   des engagements e LMT;01/01/2011;31/12/2011;6 000 000,000000;6 000 000,000000;
760;760;461;INVESTISSEMENT;Remboursement   dettes   des engagements e LMT;01/01/2013;31/12/2013;8 000 000,000000;0,000000;
129;129;60;DEPENSES;Remboursement  des emprunts e LMT;;;10 000 000,000000;10 000 000,000000;
153;153;61;DEPENSES;Remboursement  des emprunts e LMT;;;119 731 146,000000;119 731 146,000000;
193;193;74;RECETTES;Remboursement  des emprunts e LMT;01/01/2010;31/12/2010;230 004,000000;230 004,000000;
211;211;75;RECETTES;Remboursement  des emprunts e LMT;01/01/2011;31/12/2011;2 000 000,000000;2 000 000,000000;
343;343;91;INVESTISSEMENT;Remboursement des dettes LMT;01/01/2011;31/12/2011;7 000 000,000000;0,000000;
219;219;73;DEPENSES;Remboursement des dettes LMT;01/01/2009;31/12/2009;12 421 529,000000;12 421 529,000000;
745;745;129;INVESTISSEMENT;Remboursement des dettes LMT;01/01/2012;31/12/2012;2 000 000,000000;0,000000;
759;759;461;INVESTISSEMENT;Remboursement des dettes LMT;01/01/2013;31/12/2013;10 000 000,000000;0,000000;
327;327;85;RECETTES;Remboursement des prets et autres creances e LMT;01/01/2009;31/12/2009;5 000 000,000000;940 000,000000;
342;342;91;INVESTISSEMENT;Remboursement des prets et autres creances e LMT;01/01/2011;31/12/2011;2 000 000,000000;0,000000;
326;326;85;RECETTES;Reserves;01/01/2009;31/12/2009;1 494 293,000000;1 494 293,000000;
172;172;73;RECETTES;Reserves;01/01/2009;31/12/2009;2 401 909,000000;2 401 909,000000;
189;189;74;RECETTES;Reserves;01/01/2010;31/12/2010;183 586,000000;183 586,000000;
207;207;75;RECETTES;Reserves;01/01/2011;31/12/2011;7 802 970,000000;7 802 970,000000;
81;81;32;RECETTES;Ressources fiscales et parafiscales;01/01/2014;31/12/2014;20 875 000,000000;20 875 000,000000;
26;26;66;RECETTES;Ressources propres;01/01/2016;31/12/2016;13 500 000,000000;13 500 000,000000;
95;95;59;RECETTES;Ristournes     et     redevances consenties par leEtat;;;2 500 000,000000;2 500 000,000000;
118;118;60;RECETTES;Ristournes     et     redevances consenties par leEtat;;;2 000 000,000000;2 000 000,000000;
141;141;61;RECETTES;Ristournes     et     redevances consenties par leEtat;;;8 000 000,000000;8 000 000,000000;
182;182;74;RECETTES;Ristournes     et     redevances consenties par leEtat;01/01/2010;31/12/2010;150 000,000000;150 000,000000;
200;200;75;RECETTES;Ristournes     et     redevances consenties par leEtat;01/01/2011;31/12/2011;650 000,000000;650 000,000000;
769;769;129;RECETTES;Ristournes et  redevances consenties par leEtat;01/01/2012;31/12/2012;790 000,000000;0,000000;
775;775;461;RECETTES;Ristournes et  redevances consenties par leEtat;01/01/2013;31/12/2013;790 000,000000;0,000000;
324;324;85;RECETTES;Ristournes et  redevances consenties par leEtat;01/01/2009;31/12/2009;1 500 000,000000;0,000000;
329;329;91;RECETTES;Ristournes et  redevances consenties par leEtat;01/01/2011;31/12/2011;790 000,000000;0,000000;
85;85;32;RECETTES;Subvention BAD;01/01/2014;31/12/2014;153 000 000,000000;153 000 000,000000;
173;173;73;RECETTES;Subvention et equipements reeus;01/01/2009;31/12/2009;32 643 140,000000;32 643 140,000000;
190;190;74;RECETTES;Subvention et equipements reeus;01/01/2010;31/12/2010;218 745 383,000000;218 745 383,000000;
208;208;75;RECETTES;Subvention et equipements reeus;01/01/2011;31/12/2011;118 020 427,000000;118 020 427,000000;
1;1;70;RECETTES;Subventions  de fonctionnement reeues;01/01/2013;31/12/2013;234 000 000,000000;234 000 000,000000;
5;5;69;RECETTES;Subventions  de fonctionnement reeues;01/01/2012;31/12/2012;509 000 000,000000;509 000 000,000000;
96;96;59;RECETTES;Subventions  de fonctionnement reeues;;;152 328 000,000000;152 328 000,000000;
142;142;61;RECETTES;Subventions  de fonctionnement reeues;;;50 000 000,000000;50 000 000,000000;
202;202;75;RECETTES;Subventions  de fonctionnement reeues;01/01/2011;31/12/2011;15 100 000,000000;15 100 000,000000;
281;281;65;DEPENSES;Subventions aux tiers;01/01/2010;31/12/2010;5 000 000,000000;2 440 000,000000;
293;293;77;DEPENSES;Subventions aux tiers;01/01/2011;31/12/2011;1 915 500,000000;35 000 000,000000;
306;306;78;DEPENSES;Subventions aux tiers;01/01/2012;31/12/2012;35 000 000,000000;14 947 400,000000;
358;358;104;FONCTIONNEMENT;Subventions aux tiers;01/01/2011;31/12/2011;14 526 126,000000;13 445 185,000000;
374;374;105;FONCTIONNEMENT;Subventions aux tiers;01/01/2012;31/12/2012;16 209 000,000000;10 658 982,000000;
390;390;106;FONCTIONNEMENT;Subventions aux tiers;01/01/2013;31/12/2013;43 688 000,000000;13 188 682,000000;
339;339;91;FONCTIONNEMENT;Subventions versees;01/01/2011;31/12/2011;7 050 000,000000;0,000000;
104;104;59;DEPENSES;Subventions versees;;;4 700 000,000000;4 700 000,000000;
126;126;60;DEPENSES;Subventions versees;;;7 000 000,000000;7 000 000,000000;
216;216;73;DEPENSES;Subventions versees;01/01/2009;31/12/2009;13 500 000,000000;13 500 000,000000;
230;230;74;DEPENSES;Subventions versees;01/01/2010;31/12/2010;1 450 000,000000;1 450 000,000000;
742;742;129;FONCTIONNEMENT;Subventions versees;01/01/2012;31/12/2012;5 450 000,000000;0,000000;
239;239;75;DEPENSES;Subventions versees;01/01/2011;31/12/2011;4 500 000,000000;4 500 000,000000;
756;756;461;FONCTIONNEMENT;Subventions versees;01/01/2013;31/12/2013;6 500 000,000000;0,000000;
256;256;74;RECETTES;Taxe fonciere;01/01/2010;31/12/2010;900 000,000000;900 000,000000;
265;265;75;RECETTES;Taxe fonciere;01/01/2011;31/12/2011;1 700 000,000000;1 700 000,000000;
32;32;4;;Taxe fonciere;;;0,000000;2 000,000000;
42;42;5;;Taxe fonciere;;;0,000000;10 750,000000;
52;52;6;;Taxe fonciere;;;0,000000;70 400,000000;
82;82;32;RECETTES;Taxe fonciere;01/01/2014;31/12/2014;5 300 000,000000;5 300 000,000000;
168;168;73;RECETTES;Taxe fonciere;01/01/2009;31/12/2009;500 000,000000;500 000,000000;
772;772;461;RECETTES;Taxes communales directes;01/01/2013;31/12/2013;1 400 000,000000;0,000000;
330;330;91;RECETTES;Taxes communales directes;01/01/2011;31/12/2011;1 500 000,000000;0,000000;
766;766;129;RECETTES;Taxes communales directes;01/01/2012;31/12/2012;1 500 000,000000;0,000000;
92;92;59;RECETTES;Taxes de developpement local ;;;500 000,000000;500 000,000000;
115;115;60;RECETTES;Taxes de developpement local ;;;10 000 000,000000;10 000 000,000000;
296;296;77;DEPENSES;Terrains;01/01/2011;31/12/2011;800 000,000000;0,000000;
309;309;78;DEPENSES;Terrains;01/01/2012;31/12/2012;0,000000;5 000 000,000000;
363;363;104;INVESTISSEMENT;Terrains;01/01/2011;31/12/2011;0,000000;0,000000;
379;379;105;INVESTISSEMENT;Terrains;01/01/2012;31/12/2012;0,000000;0,000000;
395;395;106;INVESTISSEMENT;Terrains;01/01/2013;31/12/2013;0,000000;0,000000;
347;347;91;INVESTISSEMENT;Terrains (achats , acquisitions);01/01/2011;31/12/2011;3 000 000,000000;0,000000;
750;750;129;INVESTISSEMENT;Terrains (achats , acquisitions);01/01/2012;31/12/2012;3 000 000,000000;0,000000;
243;243;75;DEPENSES;Terrains (achats , acquisitions);01/01/2011;31/12/2011;4 000 000,000000;4 000 000,000000;
764;764;461;INVESTISSEMENT;Terrains (achats , acquisitions);01/01/2013;31/12/2013;3 000 000,000000;0,000000;
97;97;59;RECETTES;Transferts reeus ;;;211 100 000,000000;211 100 000,000000;
143;143;61;RECETTES;Transferts reeus ;;;50 000 000,000000;50 000 000,000000;
169;169;73;RECETTES;Transferts reeus ;01/01/2009;31/12/2009;5 000 000,000000;5 000 000,000000;
185;185;74;RECETTES;Transferts reeus ;01/01/2010;31/12/2010;22 474 600,000000;22 474 600,000000;
203;203;75;RECETTES;Transferts reeus ;01/01/2011;31/12/2011;13 736 000,000000;13 736 000,000000;
340;340;91;FONCTIONNEMENT;Transferts verses;01/01/2011;31/12/2011;5 387 023,000000;0,000000;
105;105;59;DEPENSES;Transferts verses;;;10 500 000,000000;10 500 000,000000;
127;127;60;DEPENSES;Transferts verses;;;6 500 000,000000;6 500 000,000000;
151;151;61;DEPENSES;Transferts verses;;;6 600 000,000000;6 600 000,000000;
217;217;73;DEPENSES;Transferts verses;01/01/2009;31/12/2009;9 546 793,000000;9 546 793,000000;
231;231;74;DEPENSES;Transferts verses;01/01/2010;31/12/2010;9 668 750,000000;9 668 750,000000;
743;743;129;FONCTIONNEMENT;Transferts verses;01/01/2012;31/12/2012;5 389 023,000000;0,000000;
240;240;75;DEPENSES;Transferts verses;01/01/2011;31/12/2011;19 000 000,000000;19 000 000,000000;
757;757;461;FONCTIONNEMENT;Transferts verses;01/01/2013;31/12/2013;5 300 000,000000;0,000000;
335;335;91;FONCTIONNEMENT;Transports consommes;01/01/2011;31/12/2011;2 980 000,000000;0,000000;
100;100;59;DEPENSES;Transports consommes;;;3 100 000,000000;3 100 000,000000;
121;121;60;DEPENSES;Transports consommes;;;6 660 000,000000;6 660 000,000000;
146;146;61;DEPENSES;Transports consommes;;;8 060 000,000000;8 060 000,000000;
732;732;129;FONCTIONNEMENT;Transports consommes;01/01/2012;31/12/2012;3 080 000,000000;0,000000;
752;752;461;FONCTIONNEMENT;Transports consommes;01/01/2013;31/12/2013;3 580 000,000000;0,000000;
279;279;65;DEPENSES;fonctionnement courant;01/01/2010;31/12/2010;94 435 433,000000;75 825 366,000000;
273;273;65;RECETTES;recettes exterieur;01/01/2010;31/12/2010;26 060 649,000000;22 722 513,000000;
21;21;62;RECETTES;recettes exterieur;01/01/2011;31/12/2011;44 452 776,000000;44 452 776,000000;
23;23;63;RECETTES;recettes exterieur;01/01/2012;31/12/2012;161 439 154,000000;161 439 154,000000;Recettes exterieures
25;25;64;RECETTES;recettes exterieur;01/01/2013;31/12/2013;154 591 350,000000;154 591 350,000000;
285;285;77;RECETTES;recettes exterieur;01/01/2011;31/12/2011;350 823 551,000000;50 443 139,000000;
298;298;78;RECETTES;recettes exterieur;01/01/2012;31/12/2012;227 294 560,000000;205 694 322,000000;
349;349;104;RECETTES;recettes exterieur;01/01/2011;31/12/2011;191 400 000,000000;76 966 176,000000;
365;365;105;RECETTES;recettes exterieur;01/01/2012;31/12/2012;271 815 983,000000;231 948 736,000000;
381;381;106;RECETTES;recettes exterieur;01/01/2013;31/12/2013;305 195 757,000000;112 229 755,000000;
272;272;65;RECETTES;recettes propres;01/01/2010;31/12/2010;201 713 001,000000;137 819 519,000000;
20;20;62;RECETTES;recettes propres;01/01/2011;31/12/2011;566 650,000000;566 650,000000;
22;22;63;RECETTES;recettes propres;01/01/2012;31/12/2012;79 283 106,000000;79 283 106,000000;
24;24;64;RECETTES;recettes propres;01/01/2013;31/12/2013;56 940 854,000000;56 940 854,000000;
284;284;77;RECETTES;recettes propres;01/01/2011;31/12/2011;198 745 981,000000;163 689 574,000000;
297;297;78;RECETTES;recettes propres;01/01/2012;31/12/2012;185 436 400,000000;55 603 300,000000;
348;348;104;RECETTES;recettes propres;01/01/2011;31/12/2011;65 695 698,000000;75 793 523,000000;
364;364;105;RECETTES;recettes propres;01/01/2012;31/12/2012;74 665 500,000000;24 318 700,000000;
380;380;106;RECETTES;recettes propres;01/01/2013;31/12/2013;58 301 100,000000;11 705 000,000000;
773;773;461;RECETTES;taxes communales indirectes;01/01/2013;31/12/2013;25 890 000,000000;0,000000;
276;276;65;RECETTES;taxes communales indirectes;01/01/2010;31/12/2010;18 775 962,000000;15 663 243,000000;
288;288;77;RECETTES;taxes communales indirectes;01/01/2011;31/12/2011;46 231 632,000000;37 170 094,000000;
301;301;78;RECETTES;taxes communales indirectes;01/01/2012;31/12/2012;49 534 987,000000;41 654 321,000000;
332;332;91;RECETTES;taxes communales indirectes;01/01/2011;31/12/2011;5 581 600,000000;0,000000;
352;352;104;RECETTES;taxes communales indirectes;01/01/2011;31/12/2011;1 400 000,000000;17 400 588,000000;
368;368;105;RECETTES;taxes communales indirectes;01/01/2012;31/12/2001;1 840 000,000000;1 019 500,000000;
384;384;106;RECETTES;taxes communales indirectes;01/01/2013;31/12/2013;2 500 000,000000;170 000,000000;
767;767;129;RECETTES;taxes communales indirectes;01/01/2012;31/12/2012;9 081 600,000000;0,000000;
